,,,,,,,,,,
Timetable - Mr Andrew Brooks,,,,,,,,,,
as at 15/10/2021,,,,,,,,,,
,,,,,,,,,,
,1Mon,1Tue,1Wed,1Thu,1Fri,2Mon,2Tue,2Wed,2Thu,2Fri
1,10B/Gg2 ,,,8a/Gg2 ,,11A/Gg2 ,7b/Gg4 ,,9bA/Gg1 ,
,G21 Geography ,,,F24 Geography ,,F24 Geography ,F24 Geography ,,G21 Geography ,
2,,8a/Gg2 ,,13C/Vi1 ,,13C/Vi1 ,9bA/Gg1 ,7a/Gg4 ,10B/Gg2 ,8a/Gg2 
,,F06 Maths ,,G21 Geography ,,S03 MFL ,F08 Maths ,G21 Geography ,G21 Geography ,G11 English 
3,13C/Vi1 ,11A/Gg2 ,,,7b/Gg4 ,7a/Gg4 ,,,13C/Vi1 ,11A/Gg2 
,G26 Product Design ,F24 Geography ,,,F24 Geography ,G23 Geography ,,,G14 RE ,G21 Geography 
4,9bA/Gg1 ,10B/Gg2 ,8b/Gg5 ,10B/Gg2 ,8b/Gg5 ,,,11A/Gg2 ,,
,G22 Geography ,G24 English ,G21 Geography ,G24 English ,G21 Geography ,,,G21 Geography ,,
5,7a/Gg4 ,,11A/Gg2 ,9bA/Gg1 ,13C/Vi1 ,10B/Gg2 ,7b/Gg4 ,8b/Gg5 ,,
,G22 Geography ,,G21 Geography ,G23 Geography ,G29 Design Technology ,G21 Geography ,G22 Geography ,G21 Geography ,,
6,,,,,,,,,,
,,,,,,,,,,
,,,,,,,,,,
,,,,,,,,,,
,,,,,,,,,,
,,,,,,,,,,
,,,,,,,,,,
Timetable - Mrs Anne Clough,,,,,,,,,,
as at 15/10/2021,,,,,,,,,,
,,,,,,,,,,
,1Mon,1Tue,1Wed,1Thu,1Fri,2Mon,2Tue,2Wed,2Thu,2Fri
1,11m/Li1 ,12D/Li1 ,,,,,11m/Li1 ,13B/En1 ,,
,G06 English ,G22 Geography ,,,,,G04 English ,F13 Science ,,
2,13B/En1 ,,11m/Li1 ,,,,11m/En1 ,,,
,G03 English ,,G08 English ,,,,G04 English ,,,
3,12D/Li1 ,,13B/En1 ,,11m/Li1 ,,,,12D/Li1 ,
,G10 English ,,G09 English ,,G03 English ,,,,G04 English ,
4,13B/En1 ,11m/En1 ,12D/Li1 ,,,7a/En2 ,,,,11m/En1 
,F13 Science ,G03 English ,G08 English ,,,F04 Maths ,,,,G03 English 
5,,,,11m/En1 ,,,13B/En1 ,7a/En2 ,11m/Li1 ,12D/Li1 
,,,,G03 English ,,,G10 English ,F14 History ,G03 English ,G07 English 
6,,,,,,,,,,
,,,,,,,,,,
,,,,,,,,,,
,,,,,,,,,,
,,,,,,,,,,
,,,,,,,,,,
,,,,,,,,,,
Timetable - Mrs Anna Crosbie,,,,,,,,,,
as at 15/10/2021,,,,,,,,,,
,,,,,,,,,,
,1Mon,1Tue,1Wed,1Thu,1Fri,2Mon,2Tue,2Wed,2Thu,2Fri
1,7b/Ma1 ,11t/Ma2 ,,,,9a/Ma2 ,,11t/Ma2 ,,
,F12 Maths ,F12 Maths ,,,,F12 Maths ,,F12 Maths ,,
2,,,P6 ,10t/Ma1 ,10t/Ma1 ,12D/Ma1 ,12D/Ma1 ,13A/Ma1 ,11t/Ma2 ,11t/Ma2 
,,,,F12 Maths ,F12 Maths ,G20 Music ,F12 Maths ,F12 Maths ,F12 Maths ,F12 Maths 
3,12D/Ma1 ,12D/Ma1 ,11t/Ma2 ,13A/Ma1 ,9a/Ma2 ,,10t/Ma1 ,10t/Ma1 ,9a/Ma2 ,
,F12 Maths ,F12 Maths ,F12 Maths ,F12 Maths ,F19 Computing ,,F12 Maths ,F12 Maths ,F12 Maths ,
4,,13A/Ma1 ,10t/Ma1 ,11t/Ma2 ,7b/Ma1 ,,9a/Ma2 ,9a/Ma2 ,10t/Ma1 ,
,,F04 Maths ,F12 Maths ,F12 Maths ,F12 Maths ,,F12 Maths ,F12 Maths ,F12 Maths ,
5,10t/Ma1 ,,9a/Ma2 ,9a/Ma2 ,11t/Ma2 ,13A/Ma1 ,11t/Ma2 ,,13A/Ma1 ,10t/Ma1 
,F12 Maths ,,F12 Maths ,F12 Maths ,F12 Maths ,F12 Maths ,F12 Maths ,,F07 Maths ,F12 Maths 
6,,,12D/Ma1 ,,,,,,,
,,,G06 English ,,,,,,,
,,,,,,,,,,
,,,,,,,,,,
,,,,,,,,,,
,,,,,,,,,,
,,,,,,,,,,
Timetable - Mr Adam Cottington,,,,,,,,,,
as at 15/10/2021,,,,,,,,,,
,,,,,,,,,,
,1Mon,1Tue,1Wed,1Thu,1Fri,2Mon,2Tue,2Wed,2Thu,2Fri
1,,11t/Ma3 ,13D/Ma1 ,12C/Ma1 ,,12C/Ma1 ,13D/Ma1 ,11t/Ma3 ,7b/Ma2 ,
,,F06 Maths ,F08 Maths ,F03 Science ,,F09 Maths ,F08 Maths ,F06 Maths ,F09 Maths ,
2,,,P6 ,,7b/Ma3 ,9b/Ma5 ,,9b/Ma5 ,11t/Ma3 ,11t/Ma3 
,,,,,F05 Maths ,F12 Maths ,,F14 History ,F06 Maths ,G04 English 
3,9b/Ma5 ,9b/Ma5 ,11t/Ma3 ,,,,9b/Ma5 ,12C/Ma1 ,,
,G12 RE ,G20 Music ,F06 Maths ,,,,G05 English ,F03 Science ,,
4,,7b/Ma2 ,7b/Ma2 ,11t/Ma3 ,7b/Ma2 ,,,13D/Ma1 ,9b/Ma5 ,12C/Ma1 
,,F09 Maths ,F14 History ,F06 Maths ,F11 Maths ,,,F10 Maths ,G24 English ,F12 Maths 
5,13D/Ma1 ,,9b/Ma5 ,7b/Ma2 ,11t/Ma3 ,7b/Ma2 ,11t/Ma3 ,,,
,G29 Design Technology ,,F13 Science ,F06 Maths ,F06 Maths ,F05 Maths ,F06 Maths ,,,
6,,,13D/Ma1 ,,,,,,,
,,,F11 Maths ,,,,,,,
,,,,,,,,,,
,,,,,,,,,,
,,,,,,,,,,
,,,,,,,,,,
,,,,,,,,,,
Timetable - Miss Andrea McGrath,,,,,,,,,,
as at 15/10/2021,,,,,,,,,,
,,,,,,,,,,
,1Mon,1Tue,1Wed,1Thu,1Fri,2Mon,2Tue,2Wed,2Thu,2Fri
1,9aB/Ar1 ,Blanking Code ,Blanking Code ,13D/Ar1 ,,13D/Ar1 ,Blanking Code ,Blanking Code ,11C/Ar1 ,
,F01 Art ,,,F01 Art ,,F01 Art ,,,F01 Art ,
2,11C/Ar1 ,Blanking Code ,Blanking Code ,11C/Ar1 ,11C/Ar1 ,7a/Ar3 ,Blanking Code ,Blanking Code ,8b/Ar1 ,
,F01 Art ,,,F01 Art ,F01 Art ,F01 Art ,,,F01 Art ,
3,7a/Ar3 ,Blanking Code ,Blanking Code ,9aB/Ar1 ,,8a/Ar1 ,Blanking Code ,Blanking Code ,8a/Ar1 ,8a/Ar2 
,F01 Art ,,,F01 Art ,,F01 Art ,,,F01 Art ,F01 Art 
4,7b/Ar4 ,Blanking Code ,Blanking Code ,7b/Ar4 ,13D/Ar1 ,11C/Ar1 ,Blanking Code ,Blanking Code ,,13D/Ar1 
,F01 Art ,,,F01 Art ,F01 Art ,F01 Art ,,,,F01 Art 
5,8a/Ar2 ,Blanking Code ,Blanking Code ,EPQ ,,8b/Ar1 ,Blanking Code ,Blanking Code ,,
,F01 Art ,,,,,F01 Art ,,,,
6,,Blanking Code ,Blanking Code ,EPQ ,,,Blanking Code ,Blanking Code ,13D/Ar1 ,
,,,,,,,,,F01 Art ,
,,,,,,,,,,
,,,,,,,,,,
,,,,,,,,,,
,,,,,,,,,,
,,,,,,,,,,
Timetable - Miss Anna Stearman,,,,,,,,,,
as at 15/10/2021,,,,,,,,,,
,,,,,,,,,,
,1Mon,1Tue,1Wed,1Thu,1Fri,2Mon,2Tue,2Wed,2Thu,2Fri
1,,13C/Dr1 ,,10C/Dr1 ,Pastoral P ,11A/Dr1 ,P6 ,7a/Dr5 ,8b/Dr2 ,Pastoral P 
,,G25 Drama ,,G25 Drama ,F04 Maths ,G25 Drama ,,G25 Drama ,G25 Drama ,F04 Maths 
2,12A/Dr1 ,,9E/Dr1 ,13C/Dr1 ,12A/Dr1 ,13C/Dr1 ,13C/Dr1 ,9aA/Dr1 ,,12A/Dr1 
,G25 Drama ,,G25 Drama ,G25 Drama ,G25 Drama ,G25 Drama ,G25 Drama ,G25 Drama ,,G25 Drama 
3,13C/Dr1 ,11A/Dr1 ,9aA/Dr1 ,,,13C/Dr1 ,12A/Dr1 ,12A/Dr1 ,13C/Dr1 ,11A/Dr1 
,G25 Drama ,G25 Drama ,G25 Drama ,,,G25 Drama ,G25 Drama ,G25 Drama ,G25 Drama ,G25 Drama 
4,10C/Dr1 ,P6 ,,12A/Dr1 ,9aA/Dr1 ,7a/Dr1 ,,11A/Dr1 ,,9aA/Dr1 
,G25 Drama ,,,G25 Drama ,G25 Drama ,G25 Drama ,,G25 Drama ,,G25 Drama 
5,,12A/Dr1 ,11A/Dr1 ,13C/Dr1 ,13C/Dr1 ,,8a/Dr5 ,13C/Dr1 ,9E/Dr1 ,8a/Dr1 
,,G25 Drama ,G25 Drama ,G25 Drama ,G25 Drama ,,G25 Drama ,G25 Drama ,G25 Drama ,G25 Drama 
6,,12A/Dr1 ,,,,,12A/Dr1 ,,,
,,G25 Drama ,,,,,G25 Drama ,,,
,,,,,,,,,,
,,,,,,,,,,
,,,,,,,,,,
,,,,,,,,,,
,,,,,,,,,,
Timetable - Mr Ben Anderson,,,,,,,,,,
as at 15/10/2021,,,,,,,,,,
,,,,,,,,,,
,1Mon,1Tue,1Wed,1Thu,1Fri,2Mon,2Tue,2Wed,2Thu,2Fri
1,,7b/En2 ,12C/En1 ,7b/En2 ,Pastoral P ,7b/En2 ,12C/En1 ,11s/Li1 ,9a/En3 ,Pastoral P 
,,G06 English ,G06 English ,G06 English ,F27 Science ,G06 English ,G06 English ,G06 English ,G06 English ,F27 Science 
2,7b/En2 ,,12B/En1 ,8a/En3 ,9a/En3 ,11s/Li1 ,11m/En2 ,12B/En1 ,8a/En3 ,9a/En3 
,G06 English ,,G06 English ,G06 English ,G06 English ,G06 English ,G06 English ,G06 English ,G06 English ,G06 English 
3,,,11s/Li1 ,10t/En4 ,8a/En3 ,10t/En4 ,,7b/En2 ,7b/En2 ,12B/En1 
,,,G06 English ,G06 English ,G06 English ,G06 English ,,G06 English ,G08 English ,G06 English 
4,11s/Li1 ,11m/En2 ,9a/En3 ,8a/En3 ,12C/En1 ,,8a/En3 ,10t/En4 ,,11m/En2 
,G06 English ,G06 English ,G06 English ,G06 English ,G06 English ,,G06 English ,G06 English ,,G06 English 
5,12C/En1 ,9a/En3 ,10t/En4 ,11m/En2 ,,12B/En1 ,9a/En3 ,9a/En3 ,8a/En3 ,11s/Li1 
,G06 English ,G06 English ,G06 English ,G06 English ,,G06 English ,G06 English ,G06 English ,G06 English ,G06 English 
6,,,,,,,,,,
,,,,,,,,,,
,,,,,,,,,,
,,,,,,,,,,
,,,,,,,,,,
,,,,,,,,,,
,,,,,,,,,,
Timetable - Miss Beth Curran,,,,,,,,,,
as at 15/10/2021,,,,,,,,,,
,,,,,,,,,,
,1Mon,1Tue,1Wed,1Thu,1Fri,2Mon,2Tue,2Wed,2Thu,2Fri
1,,9aC/Sp2 ,8b/Sp3 ,7b/Fr4 ,Pastoral P ,11A/Sp1 ,9E/Sp1 ,9aC/Sp2 ,7a/Fr4 ,Pastoral P 
,,S04 MFL ,S04 MFL ,S04 MFL ,F09 Maths ,S04 MFL ,S04 MFL ,S04 MFL ,S04 MFL ,F09 Maths 
2,9aC/Sp2 ,9E/Sp1 ,9E/Sp1 ,7a/Fr4 ,7a/Sp4 ,10A/Sp2 ,7b/Sp2 ,8a/Sp1 ,8a/En2 ,10A/Sp2 
,S04 MFL ,S04 MFL ,S04 MFL ,S04 MFL ,S04 MFL ,S04 MFL ,S04 MFL ,S04 MFL ,G08 English ,S04 MFL 
3,10A/Sp2 ,11A/Sp1 ,7a/Sp2 ,,,8b/En2 ,,8b/Sp1 ,,11A/Sp1 
,S04 MFL ,S04 MFL ,S04 MFL ,,,G03 English ,,S04 MFL ,,S04 MFL 
4,7a/Sp2 ,,8a/Sp1 ,,8a/Sp1 ,8b/Sp1 ,10A/Sp2 ,11A/Sp1 ,9aC/Sp2 ,8b/Sp1 
,S04 MFL ,,S04 MFL ,,S04 MFL ,S04 MFL ,S04 MFL ,S04 MFL ,S04 MFL ,S04 MFL 
5,7b/Sp2 ,7b/Sp2 ,11A/Sp1 ,10A/Sp2 ,7a/Sp2 ,,8b/En2 ,7a/Fr4 ,9E/Sp1 ,7a/Sp5 
,S04 MFL ,S04 MFL ,S04 MFL ,S04 MFL ,S04 MFL ,,G11 English ,S04 MFL ,S04 MFL ,S04 MFL 
6,,,,,,,,,,
,,,,,,,,,,
,,,,,,,,,,
,,,,,,,,,,
,,,,,,,,,,
,,,,,,,,,,
,,,,,,,,,,
Timetable - Mrs Claire Connolly,,,,,,,,,,
as at 15/10/2021,,,,,,,,,,
,,,,,,,,,,
,1Mon,1Tue,1Wed,1Thu,1Fri,2Mon,2Tue,2Wed,2Thu,2Fri
1,10B/Sp1 ,7b/Sp3 ,8b/Fr5 ,10C/Sp2 ,Pastoral P ,8a/Sp4 ,9E/Sp2 ,8b/En3 ,7a/Sp3 ,Pastoral P 
,S06 MFL ,S06 MFL ,S06 MFL ,S06 MFL ,F29 Science ,S06 MFL ,S06 MFL ,S06 MFL ,S06 MFL ,F29 Science 
2,,9E/Sp2 ,9E/Sp2 ,7a/Fr5 ,7a/Fr5 ,,8a/Sp4 ,8a/Fr2 ,10B/Sp1 ,7b/Fr5 
,,S06 MFL ,S06 MFL ,S06 MFL ,S06 MFL ,,S06 MFL ,S06 MFL ,S06 MFL ,S03 MFL 
3,8b/Sp2 ,8b/Sp2 ,,7b/Sp4 ,,,7a/Sp3 ,7b/Sp3 ,10C/Sp2 ,
,S06 MFL ,S06 MFL ,,S06 MFL ,,,S06 MFL ,S06 MFL ,S06 MFL ,
4,10C/Sp2 ,10B/Sp1 ,8a/Fr2 ,10B/Sp1 ,8a/Fr2 ,8b/Sp2 ,7b/Sp3 ,8b/En5 ,,8b/Fr5 
,S06 MFL ,S06 MFL ,S06 MFL ,S06 MFL ,S06 MFL ,S06 MFL ,S06 MFL ,S06 MFL ,,S06 MFL 
5,7b/Sp4 ,10C/Sp2 ,,8a/Sp4 ,7a/Fr5 ,10B/Sp1 ,10C/Sp2 ,7b/Fr5 ,9E/Sp2 ,7a/Sp3 
,S06 MFL ,S06 MFL ,,S06 MFL ,S06 MFL ,S06 MFL ,S06 MFL ,S06 MFL ,S06 MFL ,S06 MFL 
6,,,,,,,,,,
,,,,,,,,,,
,,,,,,,,,,
,,,,,,,,,,
,,,,,,,,,,
,,,,,,,,,,
,,,,,,,,,,
Timetable - Miss Chloe Dishman,,,,,,,,,,
as at 15/10/2021,,,,,,,,,,
,,,,,,,,,,
,1Mon,1Tue,1Wed,1Thu,1Fri,2Mon,2Tue,2Wed,2Thu,2Fri
1,13A/Hs1 ,,13D/Cc1 ,13D/Cc1 ,Pastoral P ,,,,13C/Hc1 ,Pastoral P 
,F18 Computing ,,F23 Health ,G30 Food ,G14 RE ,,,,F21 Computing ,G14 RE 
2,12A/Hs1 ,,13A/Hs1 ,13C/Hc1 ,12A/Hs1 ,10A/Hs1 ,12D/Hc1 ,9aA/Hs1 ,13D/Cc1 ,10A/Hs1 
,F17 History ,,F18 Computing ,F18 Computing ,G28 Computing ,F18 Computing ,F18 Computing ,F23 Health ,F18 Computing ,F18 Computing 
3,10A/Hs1 ,12D/Hc1 ,9aA/Hs1 ,11B/Hs1 ,13A/Hs1 ,11B/Hs1 ,11B/Hs1 ,13D/Cc1 ,13C/Hc1 ,13A/Hs1 
,F18 Computing ,F18 Computing ,F23 Health ,S04 MFL ,S03 MFL ,S04 MFL ,S04 MFL ,F18 Computing ,F18 Computing ,F20 Computing 
4,9bA/Hs1 ,,,,9aA/Hs1 ,12A/Hs1 ,10A/Hs1 ,13D/Cc1 ,11B/Hs1 ,9aA/Hs1 
,F22 Business ,,,,F23 Health ,G28 Computing ,F18 Computing ,F18 Computing ,S06 MFL ,F23 Health 
5,11B/Hs1 ,12A/Hs1 ,12D/Hc1 ,10A/Hs1 ,12D/Hc1 ,13A/Hs1 ,12A/Hs1 ,13C/Hc1 ,,12D/Hc1 
,F18 Computing ,F23 Health ,F18 Computing ,F18 Computing ,F18 Computing ,F18 Computing ,F23 Health ,F18 Computing ,,F18 Computing 
6,,,13D/Cc1 ,,,,,,,
,,,F18 Computing ,,,,,,,
,,,,,,,,,,
,,,,,,,,,,
,,,,,,,,,,
,,,,,,,,,,
,,,,,,,,,,
Timetable - Ms Charlotte Gibbs,,,,,,,,,,
as at 15/10/2021,,,,,,,,,,
,,,,,,,,,,
,1Mon,1Tue,1Wed,1Thu,1Fri,2Mon,2Tue,2Wed,2Thu,2Fri
1,11s/En4 ,10s/En3 ,10t/Li3 ,13D/Li1 ,Pastoral P ,13D/Li1 ,13D/Li1 ,8a/En4 ,COVER ,Pastoral P 
,G03 English ,G03 English ,G03 English ,G03 English ,G04 English ,G03 English ,G03 English ,G03 English ,,G04 English 
2,8a/En4 ,,COVER ,8a/En4 ,9a/En2 ,,10t/Li3 ,10t/Li3 ,11s/En4 ,9a/En2 
,G21 Geography ,,,G03 English ,G03 English ,,G03 English ,G03 English ,G03 English ,G03 English 
3,9a/En2 ,10t/Li3 ,,,8a/En1 ,,COVER ,13D/Li1 ,,10s/En3 
,G03 English ,G03 English ,,,G09 English ,,,G03 English ,,G03 English 
4,8a/En4 ,,9a/En2 ,11s/En4 ,13D/Li1 ,10t/Li3 ,8a/En4 ,10s/En3 ,,
,G05 English ,,G03 English ,G03 English ,G03 English ,G03 English ,G03 English ,G03 English ,,
5,,9a/En2 ,10s/En3 ,,,11s/En4 ,9a/En2 ,9a/En2 ,8a/En1 ,8a/En4 
,,G03 English ,G03 English ,,,G03 English ,G03 English ,G03 English ,F14 History ,G03 English 
6,,,,,,,,,,
,,,,,,,,,,
,,,,,,,,,,
,,,,,,,,,,
,,,,,,,,,,
,,,,,,,,,,
,,,,,,,,,,
Timetable - Mrs Catherine McVay,,,,,,,,,,
as at 15/10/2021,,,,,,,,,,
,,,,,,,,,,
,1Mon,1Tue,1Wed,1Thu,1Fri,2Mon,2Tue,2Wed,2Thu,2Fri
1,,9aC/Dt1 ,12C/Dt1 ,,Pastoral P ,12C/Dt1 ,9E/Dt1 ,7a/Dt2 ,11C/Dt1 ,Pastoral P 
,,G26 Product Design ,G26 Product Design ,,S06 MFL ,G26 Product Design ,G26 Product Design ,G26 Product Design ,G26 Product Design ,S06 MFL 
2,11C/Dt1 ,7a/Dt5 ,9E/Dt1 ,13C/Dt1 ,11C/Dt1 ,7b/Ar1 ,8b/Dt4 ,,12C/Dt1 ,7b/Dt3 
,G26 Product Design ,G26 Product Design ,G26 Product Design ,G26 Product Design ,G26 Product Design ,G26 Product Design ,G26 Product Design ,,G26 Product Design ,G26 Product Design 
3,,8a/Dt5 ,,7b/Dt1 ,,7a/Ar1 ,9aB/It1 ,7b/Dt1 ,7b/Dt5 ,
,,G26 Product Design ,,G30 Food ,,G26 Product Design ,F19 Computing ,G26 Product Design ,G30 Food ,
4,,7a/Dt4 ,7a/Ar1 ,,12C/Dt1 ,11C/Dt1 ,7b/Dt4 ,9bC/Dt ,7b/Ar1 ,12C/Dt1 
,,G26 Product Design ,G26 Product Design ,,G26 Product Design ,G26 Product Design ,G26 Product Design ,G26 Product Design ,G26 Product Design ,G26 Product Design 
5,8b/Dt2 ,9bC/Dt ,8b/Dt1 ,P6 ,8b/Dt5 ,10B/Dt1 ,8b/Dt3 ,7a/Dt1 ,8a/Dt2 ,8a/Dt3 
,G26 Product Design ,G26 Product Design ,G27 Textiles ,,G27 Textiles ,G26 Product Design ,G26 Product Design ,G26 Product Design ,G26 Product Design ,G26 Product Design 
6,,,,,,,,13C/Dt1 ,,
,,,,,,,,G27 Textiles ,,
,,,,,,,,,,
,,,,,,,,,,
,,,,,,,,,,
,,,,,,,,,,
,,,,,,,,,,
Timetable - Dr Christopher Reed,,,,,,,,,,
as at 15/10/2021,,,,,,,,,,
,,,,,,,,,,
,1Mon,1Tue,1Wed,1Thu,1Fri,2Mon,2Tue,2Wed,2Thu,2Fri
1,,13C/Ch1 ,11m/Sc2 ,,Pastoral P ,9a/Sc4 ,10C/Ph1 ,13B/Ch1 ,11C/Ch1 ,Pastoral P 
,,F32 Science ,F32 Science ,,G16 RE ,F32 Science ,F32 Science ,F32 Science ,F30 Science ,G16 RE 
2,,10C/Ph1 ,11C/Ch1 ,13C/Ch1 ,13B/Ch1 ,11t/Sc1 ,11t/Sc1 ,10m/Sc1 ,9b/Sc4 ,
,,F22 Business ,F32 Science ,F03 Science ,F13 Science ,S02 MFL ,F32 Science ,G10 English ,F32 Science ,
3,13C/Ch1 ,,10m/Sc1 ,,11t/Sc3 ,13C/Ch1 ,9b/Sc2 ,11C/Ch1 ,10C/Ph1 ,9a/Sc2 
,F32 Science ,,F32 Science ,,F13 Science ,F31 Science ,G11 English ,F29 Science ,F32 Science ,F13 Science 
4,11m/Sc2 ,11t/Sc1 ,9b/Sc4 ,11m/Sc2 ,11t/Sc3 ,13B/Ch1 ,11C/Ch1 ,,,11C/Ch1 
,F32 Science ,F32 Science ,F13 Science ,F03 Science ,G29 Design Technology ,F32 Science ,G27 Textiles ,,,F22 Business 
5,9a/Sc2 ,11t/Sc3 ,9a/Sc4 ,13C/Ch1 ,13C/Ch1 ,9b/Sc2 ,P6 ,10m/Sc1 ,,10C/Ph1 
,F32 Science ,F32 Science ,F27 Science ,F03 Science ,G20 Music ,F32 Science ,,F27 Science ,,F10 Maths 
6,,,,,,,13B/Ch1 ,,,
,,,,,,,F32 Science ,,,
,,,,,,,,,,
,,,,,,,,,,
,,,,,,,,,,
,,,,,,,,,,
,,,,,,,,,,
Timetable - Miss Clare Rossi,,,,,,,,,,
as at 15/10/2021,,,,,,,,,,
,,,,,,,,,,
,1Mon,1Tue,1Wed,1Thu,1Fri,2Mon,2Tue,2Wed,2Thu,2Fri
1,,,,,,,,,,
,,,,,,,,,,
2,,,12B/Ma1 ,,13B/Fm1 ,13C/Ma1 ,,12B/Ma1 ,,13B/Fm1 
,,,F12 Maths ,,F22 Business ,G03 English ,,F16 History ,,F09 Maths 
3,,,13B/Fm1 ,,12B/Ma1 ,13C/Ma1 ,,,,
,,,F10 Maths ,,G08 English ,F11 Maths ,,,,
4,,,,,,,,,13B/Fm1 ,
,,,,,,,,,G03 English ,
5,,13B/Fm1 ,,13C/Ma1 ,13C/Ma1 ,,,13C/Ma1 ,12B/Ma1 ,
,,F09 Maths ,,G09 English ,G11 English ,,,F19 Computing ,F16 History ,
6,,,,,,,,,,
,,,,,,,,,,
,,,,,,,,,,
,,,,,,,,,,
,,,,,,,,,,
,,,,,,,,,,
,,,,,,,,,,
Timetable - Mr David Elliott,,,,,,,,,,
as at 15/10/2021,,,,,,,,,,
,,,,,,,,,,
,1Mon,1Tue,1Wed,1Thu,1Fri,2Mon,2Tue,2Wed,2Thu,2Fri
1,7b/Sc5 ,P6 ,10m/Sc2 ,,Pastoral P ,9a/Sc5 ,10s/Sc3 ,13B/Sc1 ,,Pastoral P 
,F30 Science ,,F30 Science ,,G08 English ,F30 Science ,F13 Science ,F30 Science ,,G08 English 
2,10t/Sc2 ,11s/Sc3 ,7a/Sc1 ,10m/Sc2 ,13B/Sc1 ,11m/Sc2 ,,10m/Sc2 ,9b/Sc5 ,13B/Sc1 
,F30 Science ,F13 Science ,F30 Science ,F30 Science ,F03 Science ,F30 Science ,,F30 Science ,F30 Science ,F30 Science 
3,7b/Sc5 ,7a/Sc4 ,11m/Sc2 ,8b/Sc2 ,11t/Sc4 ,7b/Sc5 ,7b/Sc1 ,11s/Sc3 ,,12B/Sc1 
,F30 Science ,G21 Geography ,F30 Science ,F30 Science ,G11 English ,F30 Science ,S02 MFL ,F25 Science ,,F30 Science 
4,8b/Sc2 ,11t/Sc4 ,11s/Sc3 ,9b/Sc5 ,10s/Sc3 ,,12B/Sc1 ,,,10t/Sc2 
,F30 Science ,F30 Science ,F28 Science ,F30 Science ,F14 History ,,G29 Design Technology ,,,F15 History 
5,,11t/Sc4 ,7a/Sc1 ,7b/Sc1 ,10t/Sc2 ,7b/Sc5 ,,11m/Sc2 ,7a/Sc4 ,10s/Sc3 
,,F30 Science ,F28 Science ,F30 Science ,F30 Science ,G25 Drama ,,F03 Science ,F30 Science ,F30 Science 
6,,12B/Sc1 ,,,,,,,,
,,F30 Science ,,,,,,,,
,,,,,,,,,,
,,,,,,,,,,
,,,,,,,,,,
,,,,,,,,,,
,,,,,,,,,,
Timetable - Mr Darren Gray,,,,,,,,,,
as at 15/10/2021,,,,,,,,,,
,,,,,,,,,,
,1Mon,1Tue,1Wed,1Thu,1Fri,2Mon,2Tue,2Wed,2Thu,2Fri
1,,12D/Py1 ,9a/Sc1 ,,,,10t/Sc4 ,10s/Sc3 ,,
,,F22 Business ,F29 Science ,,,,F30 Science ,F08 Maths ,,
2,,10s/Sc3 ,11s/Sc3 ,12D/Py1 ,,8b/Sc5 ,12D/Py1 ,9b/Sc1 ,,
,,F30 Science ,F13 Science ,F22 Business ,,S06 MFL ,F07 Maths ,F13 Science ,,
3,12D/Bi1 ,12D/Bi1 ,10s/Sc3 ,8a/Sc5 ,9a/Sc1 ,,8a/Sc5 ,8a/Sc5 ,12D/Py1 ,8b/Sc5 
,G30 Food ,F30 Science ,F13 Science ,F03 Science ,F14 History ,,F03 Science ,F30 Science ,F22 Business ,F28 Science 
4,,,12D/Bi1 ,,10t/Sc4 ,,8b/Sc2 ,,9b/Sc1 ,11s/Sc3 
,,,F30 Science ,,F30 Science ,,F30 Science ,,F30 Science ,F17 History 
5,9b/Sc5 ,,12D/Bi1 ,8b/Sc2 ,11s/Sc3 ,9b/Sc5 ,,10t/Sc4 ,,12D/Py1 
,F30 Science ,,F30 Science ,F22 Business ,G03 English ,F30 Science ,,F13 Science ,,F22 Business 
6,,,,,,,,,,
,,,,,,,,,,
,,,,,,,,,,
,,,,,,,,,,
,,,,,,,,,,
,,,,,,,,,,
,,,,,,,,,,
Timetable - Mr Darren Halliday,,,,,,,,,,
as at 15/10/2021,,,,,,,,,,
,,,,,,,,,,
,1Mon,1Tue,1Wed,1Thu,1Fri,2Mon,2Tue,2Wed,2Thu,2Fri
1,7b/Sc4 ,11m/Sc2 ,10m/Sc1 ,8a/Sc4 ,Pastoral P ,7a/Sc1 ,10B/Bi1 ,11m/Sc2 ,7b/Sc1 ,Pastoral P 
,F13 Science ,F31 Science ,F31 Science ,F31 Science ,G22 Geography ,F31 Science ,G24 English ,F31 Science ,F31 Science ,G22 Geography 
2,12A/Bi1 ,11s/Sc1 ,11s/Sc1 ,9a/Sc2 ,7b/Sc2 ,8b/Sc1 ,7a/Sc1 ,8b/Sc4 ,,12A/Bi1 
,F13 Science ,F31 Science ,F31 Science ,F31 Science ,F31 Science ,F31 Science ,F31 Science ,F31 Science ,,F13 Science 
3,9b/Sc2 ,9a/Sc2 ,8a/Sc1 ,8a/Sc1 ,10B/Bi1 ,,7b/Sc2 ,8a/Sc3 ,9a/Sc3 ,
,F28 Science ,F31 Science ,F31 Science ,F31 Science ,F31 Science ,,F31 Science ,F31 Science ,F31 Science ,
4,,10B/Bi1 ,7b/Sc1 ,,10B/Bi1 ,12A/Bi1 ,9a/Sc3 ,,8a/Sc4 ,10m/Sc1 
,,F25 Science ,F31 Science ,,F31 Science ,F02 Art ,F31 Science ,,F31 Science ,F31 Science 
5,,,9b/Sc2 ,8b/Sc4 ,11s/Sc1 ,8a/Sc3 ,12A/Bi1 ,8b/Sc1 ,10m/Sc1 ,11m/Sc2 
,,,F31 Science ,F31 Science ,S07 MFL ,F27 Science ,F26 Science ,F22 Business ,F31 Science ,F31 Science 
6,,,,,,,,,,
,,,,,,,,,,
,,,,,,,,,,
,,,,,,,,,,
,,,,,,,,,,
,,,,,,,,,,
,,,,,,,,,,
Timetable - Miss Danielle Largue,,,,,,,,,,
as at 15/10/2021,,,,,,,,,,
,,,,,,,,,,
,1Mon,1Tue,1Wed,1Thu,1Fri,2Mon,2Tue,2Wed,2Thu,2Fri
1,,,,9bC/Sp1 ,,8a/Sp3 ,,,11C/Sp1 ,
,,,,S05 MFL ,,G21 Geography ,,,S01 MFL ,
2,11C/Sp1 ,,,11C/Sp1 ,11C/Sp1 ,,8a/Sp5 ,8a/Sp5 ,,9bC/Sp1 
,S07 MFL ,,,S05 MFL ,S07 MFL ,,F13 Science ,S01 MFL ,,S02 MFL 
3,,,,,,,,,,
,,,,,,,,,,
4,,,8a/Sp5 ,,,11C/Sp1 ,,9bC/Sp1 ,,
,,,S01 MFL ,,,F05 Maths ,,S07 MFL ,,
5,,9bC/Sp1 ,,8a/Sp3 ,,,,,,
,,S01 MFL ,,S02 MFL ,,,,,,
6,,,,,,,,,,
,,,,,,,,,,
,,,,,,,,,,
,,,,,,,,,,
,,,,,,,,,,
,,,,,,,,,,
,,,,,,,,,,
Timetable - Miss Diane Matthews,,,,,,,,,,
as at 15/10/2021,,,,,,,,,,
,,,,,,,,,,
,1Mon,1Tue,1Wed,1Thu,1Fri,2Mon,2Tue,2Wed,2Thu,2Fri
1,7b/Ma3 ,,,8a/Ma3 ,Pastoral P ,12/MaRes ,,,7b/Ma3 ,Pastoral P 
,F08 Maths ,,,F08 Maths ,G06 English ,F10 Maths ,,,F08 Maths ,G06 English 
2,7a/Ma1 ,8b/Ma3 ,10s/Ma2 ,12/MaRes ,10s/Ma2 ,8a/Ma3 ,,9b/Ma4 ,,8a/Ma3 
,F08 Maths ,F08 Maths ,F08 Maths ,F11 Maths ,F08 Maths ,F08 Maths ,,F08 Maths ,,F08 Maths 
3,7b/Ma3 ,10s/Ma2 ,8a/Ma3 ,10s/Ma2 ,7a/Ma1 ,10s/Ma2 ,10s/Ma2 ,10s/Ma2 ,8b/Ma3 ,8b/Ma3 
,F08 Maths ,F08 Maths ,F08 Maths ,F08 Maths ,F08 Maths ,F08 Maths ,F08 Maths ,F08 Maths ,F08 Maths ,F08 Maths 
4,8b/Ma3 ,7b/Ma3 ,7b/Ma3 ,9b/Ma4 ,8b/Ma3 ,,8b/Ma3 ,7a/Ma1 ,9b/Ma4 ,10s/Ma2 
,F08 Maths ,F08 Maths ,F08 Maths ,F08 Maths ,F08 Maths ,,F08 Maths ,F08 Maths ,F08 Maths ,F08 Maths 
5,9b/Ma4 ,8a/Ma3 ,9b/Ma4 ,7a/Ma1 ,9b/Ma4 ,9b/Ma4 ,7a/Ma1 ,8a/Ma3 ,7a/Ma1 ,
,F08 Maths ,F08 Maths ,F08 Maths ,F08 Maths ,F08 Maths ,F08 Maths ,F08 Maths ,F08 Maths ,F08 Maths ,
6,,,,,,,,,,
,,,,,,,,,,
,,,,,,,,,,
,,,,,,,,,,
,,,,,,,,,,
,,,,,,,,,,
,,,,,,,,,,
Timetable - Mr David O'Connell,,,,,,,,,,
as at 15/10/2021,,,,,,,,,,
,,,,,,,,,,
,1Mon,1Tue,1Wed,1Thu,1Fri,2Mon,2Tue,2Wed,2Thu,2Fri
1,9b/Re2 ,11s/Re4 ,7a/Re4 ,,Pastoral P ,10t/Re2 ,,9b/Re2 ,8b/Re5 ,Pastoral P 
,G15 RE ,G15 RE ,G15 RE ,,F15 History ,G15 RE ,,G15 RE ,G15 RE ,F15 History 
2,10m/Re1 ,10t/Re2 ,,8a/Re1 ,10m/Re1 ,,11s/Re4 ,11s/Re4 ,,8b/Re5 
,G15 RE ,G15 RE ,,G15 RE ,G15 RE ,,G15 RE ,G15 RE ,,G15 RE 
3,7a/Re4 ,13R/Re3 ,10t/Re2 ,9b/Re4 ,10t/Re2 ,9b/Re2 ,13R/Re3 ,10m/Re1 ,,
,G15 RE ,G15 RE ,G15 RE ,G15 RE ,G15 RE ,G15 RE ,G15 RE ,G15 RE ,,
4,12R/Re4 ,8b/Re5 ,,7a/Re4 ,11s/Re4 ,8a/Re1 ,8a/Re1 ,7b/Re1 ,12R/Re4 ,7a/Re4 
,G15 RE ,G15 RE ,,G15 RE ,G15 RE ,F09 Maths ,G15 RE ,G15 RE ,G15 RE ,G15 RE 
5,8b/Re5 ,,10m/Re1 ,11s/Re4 ,7b/Re1 ,,9b/Re4 ,9b/Re2 ,10t/Re2 ,10m/Re1 
,G15 RE ,,F03 Science ,G15 RE ,G15 RE ,,G15 RE ,G15 RE ,G15 RE ,G15 RE 
6,,,,,,,,,,
,,,,,,,,,,
,,,,,,,,,,
,,,,,,,,,,
,,,,,,,,,,
,,,,,,,,,,
,,,,,,,,,,
Timetable - Mr Daniel Thompson,,,,,,,,,,
as at 15/10/2021,,,,,,,,,,
,,,,,,,,,,
,1Mon,1Tue,1Wed,1Thu,1Fri,2Mon,2Tue,2Wed,2Thu,2Fri
1,8a/Pe3 ,7a/Pe3 ,7b/Pe2 ,7a/Pe3 ,Pastoral P ,8b/Pe3 ,8a/Pe3 ,,8a/Pe3 ,Pastoral P 
,,,,,F16 History ,,,,,F16 History 
2,9b/Pe3 ,11tm/Pe4 ,,8b/Pe3 ,8a/Pe3 ,10A/Vs1 ,10s/Pe4 ,,7a/Pe3 ,
,,,,,,F19 Computing ,,,,
3,,7b/Pe2 ,9b/Pe3 ,,8b/Pe3 ,11B/Vs1 ,,9a/Pe3 ,9b/Pe3 ,7a/Pe3 
,,,,,,F19 Computing ,,,,
4,9a/Pe3 ,,13P/Pe1 ,9a/Pe3 ,,7b/Pe2 ,10A/Vs1 ,12P/Pe1 ,11B/Vs1 ,9b/Pe3 
,,,,,,,F19 Computing ,,F18 Computing ,
5,11B/Vs1 ,11s/Pe4 ,13P/Pe1 ,,10s/Pe4 ,9a/Pe3 ,11s/Pe4 ,12P/Pe1 ,8b/Pe3 ,7b/Pe2 
,F03 Science ,,,,,,,,,
6,,,,,,,,,,
,,,,,,,,,,
,,,,,,,,,,
,,,,,,,,,,
,,,,,,,,,,
,,,,,,,,,,
,,,,,,,,,,
Timetable - Mrs Emma Gardiner,,,,,,,,,,
as at 15/10/2021,,,,,,,,,,
,,,,,,,,,,
,1Mon,1Tue,1Wed,1Thu,1Fri,2Mon,2Tue,2Wed,2Thu,2Fri
1,10B/Fr1 ,7b/Fr1 ,8b/Fr4 ,9bC/Fr1 ,,8a/Fr1 ,9E/Fr2 ,7a/Fr3 ,8b/En4 ,
,S05 MFL ,S05 MFL ,S05 MFL ,F13 Science ,,F08 Maths ,S05 MFL ,S05 MFL ,G03 English ,
2,7b/Fr1 ,9E/Fr2 ,9E/Fr2 ,,7a/Fr1 ,,8a/Fr1 ,8a/Fr4 ,10B/Fr1 ,9bC/Fr1 
,S05 MFL ,S05 MFL ,S05 MFL ,,S05 MFL ,,S05 MFL ,S05 MFL ,S05 MFL ,S05 MFL 
3,8b/Sp5 ,8b/Sp5 ,7a/Fr3 ,11B/Fr2 ,,11B/Fr2 ,11B/Fr2 ,8b/Sp5 ,,
,S03 MFL ,S05 MFL ,S05 MFL ,S05 MFL ,,S05 MFL ,S05 MFL ,S05 MFL ,,
4,7a/Fr1 ,10B/Fr1 ,8a/Fr4 ,10B/Fr1 ,8a/Fr4 ,8b/Fr4 ,7b/Fr1 ,9bC/Fr1 ,11B/Fr2 ,8b/Fr4 
,S05 MFL ,S05 MFL ,S05 MFL ,S05 MFL ,S05 MFL ,S05 MFL ,S05 MFL ,S05 MFL ,S05 MFL ,S05 MFL 
5,11B/Fr2 ,9bC/Fr1 ,,8a/Fr1 ,8b/En4 ,10B/Fr1 ,8b/En4 ,7a/Fr3 ,9E/Fr2 ,7a/Fr1 
,S05 MFL ,S05 MFL ,,S05 MFL ,G07 English ,S05 MFL ,G07 English ,S05 MFL ,S05 MFL ,S05 MFL 
6,,,,,,,,,,
,,,,,,,,,,
,,,,,,,,,,
,,,,,,,,,,
,,,,,,,,,,
,,,,,,,,,,
,,,,,,,,,,
Timetable - Mrs Elizabeth Ifeajuna,,,,,,,,,,
as at 15/10/2021,,,,,,,,,,
,,,,,,,,,,
,1Mon,1Tue,1Wed,1Thu,1Fri,2Mon,2Tue,2Wed,2Thu,2Fri
1,8b/Ma1 ,11t/Ma4 ,12C/Ma1 ,8a/Ma5 ,Pastoral P ,10m/Ma1 ,12C/Ma1 ,11t/Ma4 ,,Pastoral P 
,F04 Maths ,F04 Maths ,F04 Maths ,F04 Maths ,F13 Science ,F04 Maths ,F04 Maths ,F04 Maths ,,F13 Science 
2,,12C/Ma1 ,7a/Ma5 ,,,8a/Ma5 ,7a/Ma5 ,9b/Ma3 ,11t/Ma4 ,11t/Ma4 
,,F04 Maths ,F04 Maths ,,,F04 Maths ,F04 Maths ,F04 Maths ,F04 Maths ,F04 Maths 
3,8a/Ma5 ,9b/Ma3 ,11t/Ma4 ,10m/Ma1 ,7a/Ma5 ,10m/Ma1 ,10m/Ma1 ,,8b/Ma1 ,8b/Ma1 
,F15 History ,F04 Maths ,F04 Maths ,F04 Maths ,F04 Maths ,F04 Maths ,F04 Maths ,,F04 Maths ,F04 Maths 
4,,P6 ,10m/Ma1 ,11t/Ma4 ,10m/Ma1 ,,8b/Ma1 ,10m/Ma1 ,10m/Ma1 ,8a/Ma5 
,,,F04 Maths ,F04 Maths ,F04 Maths ,,F04 Maths ,F04 Maths ,F04 Maths ,F04 Maths 
5,12C/Ma1 ,8a/Ma5 ,7a/Ma5 ,7a/Ma5 ,11t/Ma4 ,9b/Ma3 ,11t/Ma4 ,8a/Ma5 ,7a/Ma5 ,
,F11 Maths ,F04 Maths ,F04 Maths ,F04 Maths ,F04 Maths ,F04 Maths ,F04 Maths ,F04 Maths ,F04 Maths ,
6,,,,12C/Ma1 ,,,,,,
,,,,F04 Maths ,,,,,,
,,,,,,,,,,
,,,,,,,,,,
,,,,,,,,,,
,,,,,,,,,,
,,,,,,,,,,
Timetable - Miss Emma McRae,,,,,,,,,,
as at 15/10/2021,,,,,,,,,,
,,,,,,,,,,
,1Mon,1Tue,1Wed,1Thu,1Fri,2Mon,2Tue,2Wed,2Thu,2Fri
1,7a/En1 ,10s/En2 ,10t/Li4 ,11t/Li1 ,,,,7a/En1 ,7a/En1 ,
,G07 English ,G07 English ,G07 English ,G07 English ,,,,G07 English ,G07 English ,
2,,,11t/En4 ,,13B/En1 ,,10t/Li4 ,10t/Li4 ,,13B/En1 
,,,G07 English ,,G07 English ,,G07 English ,G07 English ,,G07 English 
3,11t/Li1 ,10t/Li4 ,,12B/En1 ,12B/En1 ,12B/En1 ,7a/En1 ,11t/En4 ,11t/Li1 ,10s/En2 
,G07 English ,G07 English ,,G07 English ,G07 English ,G07 English ,G07 English ,G07 English ,G07 English ,G07 English 
4,11t/En4 ,7a/En1 ,11t/Li1 ,13B/En1 ,,10t/Li4 ,12B/En1 ,10s/En2 ,7a/En1 ,
,G07 English ,G07 English ,G07 English ,G07 English ,,G07 English ,G07 English ,G07 English ,G07 English ,
5,,13B/En1 ,10s/En2 ,,,11t/En4 ,P6 ,11t/Li1 ,12B/En1 ,
,,G10 English ,G07 English ,,,G07 English ,,G07 English ,G07 English ,
6,,,,,,,13B/En1 ,,,
,,,,,,,G07 English ,,,
,,,,,,,,,,
,,,,,,,,,,
,,,,,,,,,,
,,,,,,,,,,
,,,,,,,,,,
Timetable - Miss Ella McGuire,,,,,,,,,,
as at 15/10/2021,,,,,,,,,,
,,,,,,,,,,
,1Mon,1Tue,1Wed,1Thu,1Fri,2Mon,2Tue,2Wed,2Thu,2Fri
1,9b/Re3 ,8a/Re2 ,7a/Re1 ,9a/Re2 ,Pastoral P ,10t/Re3 ,7b/Re3 ,8a/Re5 ,9a/Re2 ,Pastoral P 
,G17 Music ,G16 RE ,G20 Music ,G16 RE ,S05 MFL ,G16 RE ,G15 RE ,G16 RE ,G16 RE ,S05 MFL 
2,8a/Re2 ,10t/Re3 ,,8a/Re5 ,,7a/Re2 ,,7a/Re2 ,11m/Re1 ,
,G16 RE ,G16 RE ,,G16 RE ,,G16 RE ,,G16 RE ,G16 RE ,
3,7a/Re2 ,13R/Re4 ,10t/Re3 ,,10t/Re3 ,9b/Re3 ,13R/Re4 ,11m/Re1 ,7a/Re2 ,7b/Re3 
,G16 RE ,G16 RE ,G16 RE ,,G16 RE ,G16 RE ,G16 RE ,G16 RE ,G16 RE ,G16 RE 
4,12R/Re2 ,9b/Re3 ,11m/Re1 ,8a/Re5 ,7a/Re3 ,9a/Re2 ,7a/Re3 ,8a/Re2 ,12R/Re2 ,
,G16 RE ,G16 RE ,G16 RE ,G16 RE ,G20 Music ,G16 RE ,G16 RE ,G16 RE ,G16 RE ,
5,7a/Re3 ,,8a/Re2 ,,11m/Re1 ,7a/Re3 ,11m/Re1 ,9b/Re3 ,10t/Re3 ,9a/Re2 
,G16 RE ,,G16 RE ,,G16 RE ,G16 RE ,G16 RE ,G16 RE ,G23 Geography ,G16 RE 
6,,,,,,,,,,
,,,,,,,,,,
,,,,,,,,,,
,,,,,,,,,,
,,,,,,,,,,
,,,,,,,,,,
,,,,,,,,,,
Timetable - Miss Emma Marshall,,,,,,,,,,
as at 15/10/2021,,,,,,,,,,
,,,,,,,,,,
,1Mon,1Tue,1Wed,1Thu,1Fri,2Mon,2Tue,2Wed,2Thu,2Fri
1,,11t/Ma1 ,9a/Ma3 ,8a/Ma1 ,Pastoral P ,,8b/Ma1 ,11t/Ma1 ,,Pastoral P 
,,F07 Maths ,F07 Maths ,F07 Maths ,F10 Maths ,,F07 Maths ,F07 Maths ,,F10 Maths 
2,,8b/Ma1 ,10s/Ma4 ,12D/Ma1 ,10s/Ma4 ,9a/Ma3 ,,7b/Ma5 ,11t/Ma1 ,11t/Ma1 
,,F07 Maths ,F07 Maths ,F07 Maths ,F07 Maths ,F07 Maths ,,F07 Maths ,F07 Maths ,F07 Maths 
3,8a/Ma1 ,10s/Ma4 ,11t/Ma1 ,10s/Ma4 ,9a/Ma3 ,10s/Ma4 ,10s/Ma4 ,10s/Ma4 ,12D/Ma1 ,9a/Ma3 
,F07 Maths ,F07 Maths ,F07 Maths ,F07 Maths ,F07 Maths ,F07 Maths ,F07 Maths ,F07 Maths ,G06 English ,F07 Maths 
4,,7b/Ma5 ,,11t/Ma1 ,,,,9a/Ma3 ,8a/Ma1 ,10s/Ma4 
,,F07 Maths ,,F07 Maths ,,,,F07 Maths ,F07 Maths ,F07 Maths 
5,9a/Ma3 ,8a/Ma1 ,12D/Ma1 ,9a/Ma3 ,11t/Ma1 ,8a/Ma1 ,11t/Ma1 ,8a/Ma1 ,,12D/Ma1 
,F07 Maths ,F07 Maths ,F15 History ,F07 Maths ,F07 Maths ,F07 Maths ,F07 Maths ,F07 Maths ,,F07 Maths 
6,,,,,,,,,,
,,,,,,,,,,
,,,,,,,,,,
,,,,,,,,,,
,,,,,,,,,,
,,,,,,,,,,
,,,,,,,,,,
Timetable - Miss Faith Germany,,,,,,,,,,
as at 15/10/2021,,,,,,,,,,
,,,,,,,,,,
,1Mon,1Tue,1Wed,1Thu,1Fri,2Mon,2Tue,2Wed,2Thu,2Fri
1,10B/Hi1 ,9bB/Hi2 ,9bD/Hi1 ,,Pastoral P ,9bB/Hi2 ,,8b/Hi5 ,8b/Hi3 ,Pastoral P 
,F17 History ,F17 History ,F17 History ,,S04 MFL ,F17 History ,,F17 History ,F17 History ,S04 MFL 
2,7b/En5 ,7b/Hi3 ,7b/Hi3 ,,9bD/Hi1 ,7a/Hi1 ,8b/Hi5 ,P6 ,10B/Hi1 ,8b/Hi3 
,G07 English ,F17 History ,F17 History ,,F17 History ,F17 History ,F17 History ,,F17 History ,F17 History 
3,13C/Hi1 ,,8b/Hi5 ,11B/Hi2 ,9bB/Hi2 ,11B/Hi2 ,11B/Hi2 ,,,9bB/Hi2 
,F17 History ,,F17 History ,F17 History ,F17 History ,F17 History ,F17 History ,,,F17 History 
4,7b/Hi3 ,10B/Hi1 ,,10B/Hi1 ,7a/Hi1 ,9bD/Hi1 ,,8a/Hi4 ,11B/Hi2 ,7b/En5 
,F17 History ,F17 History ,,F17 History ,F17 History ,F17 History ,,F17 History ,F17 History ,G04 English 
5,11B/Hi2 ,7a/Hi1 ,8a/Hi4 ,13C/Hi1 ,,10B/Hi1 ,8a/Hi4 ,13C/Hi1 ,,9bD/Hi1 
,F17 History ,F17 History ,F17 History ,F17 History ,,F17 History ,F17 History ,F17 History ,,F17 History 
6,,,,,,,,13C/Hi1 ,,
,,,,,,,,F17 History ,,
,,,,,,,,,,
,,,,,,,,,,
,,,,,,,,,,
,,,,,,,,,,
,,,,,,,,,,
Timetable - Mr Gethin McCrory,,,,,,,,,,
as at 15/10/2021,,,,,,,,,,
,,,,,,,,,,
,1Mon,1Tue,1Wed,1Thu,1Fri,2Mon,2Tue,2Wed,2Thu,2Fri
1,11t/Re2 ,11s/Re2 ,11t/Re2 ,9a/Re3 ,Pastoral P ,,11t/Re2 ,9b/Re5 ,10s/Re4 ,Pastoral P 
,G13 RE ,G20 Music ,G13 RE ,G13 RE ,G13 RE ,,G13 RE ,G13 RE ,G13 RE ,G13 RE 
2,12A/Th1 ,,,10s/Re4 ,8b/Re3 ,,11s/Re2 ,11s/Re2 ,7b/Re4 ,12A/Th1 
,G13 RE ,,,G13 RE ,G13 RE ,,G13 RE ,G13 RE ,G13 RE ,G13 RE 
3,9a/Re3 ,13R/Re1 ,8b/Re2 ,9b/Re5 ,,,13R/Re1 ,9b/Re5 ,,
,G13 RE ,G13 RE ,G13 RE ,G13 RE ,,,G13 RE ,G20 Music ,,
4,12R/Re1 ,8b/Re2 ,10s/Re4 ,12A/Th1 ,11s/Re2 ,9a/Re3 ,P6 ,8b/Re3 ,8b/Re2 ,11t/Re2 
,G13 RE ,G13 RE ,G13 RE ,G13 RE ,G13 RE ,G13 RE ,,F23 Health ,G13 RE ,G13 RE 
5,10s/Re4 ,12A/Th1 ,8b/Re2 ,11s/Re2 ,,,9b/Re5 ,10s/Re4 ,11t/Re2 ,9a/Re3 
,G13 RE ,G13 RE ,G13 RE ,G13 RE ,,,G13 RE ,G13 RE ,G13 RE ,G20 Music 
6,,,,,,,12A/Th1 ,,,
,,,,,,,G13 RE ,,,
,,,,,,,,,,
,,,,,,,,,,
,,,,,,,,,,
,,,,,,,,,,
,,,,,,,,,,
Timetable - Mrs Hannah Feekins,,,,,,,,,,
as at 15/10/2021,,,,,,,,,,
,,,,,,,,,,
,1Mon,1Tue,1Wed,1Thu,1Fri,2Mon,2Tue,2Wed,2Thu,2Fri
1,10B/Hi2 ,9bB/Hi1 ,Blanking Code ,12C/Hi1 ,Pastoral P ,9bB/Hi1 ,12C/Hi1 ,Blanking Code ,11C/Hi1 ,Pastoral P 
,F15 History ,F15 History ,,F15 History ,S02 MFL ,F15 History ,F15 History ,,F15 History ,S02 MFL 
2,11C/Hi1 ,12C/Hi1 ,Blanking Code ,11C/Hi1 ,11C/Hi1 ,,7b/En1 ,Blanking Code ,10B/Hi2 ,
,F15 History ,F16 History ,,F15 History ,F15 History ,,G11 English ,,F15 History ,
3,,P6 ,Blanking Code ,11B/Hi1 ,9bB/Hi1 ,11B/Hi1 ,11B/Hi1 ,Blanking Code ,13C/Hi1 ,9bB/Hi1 
,,,,F15 History ,F15 History ,F15 History ,F15 History ,,F15 History ,F15 History 
4,,10B/Hi2 ,Blanking Code ,10B/Hi2 ,12C/Hi1 ,11C/Hi1 ,,Blanking Code ,11B/Hi1 ,
,,F15 History ,,F15 History ,F15 History ,F15 History ,,,F15 History ,
5,11B/Hi1 ,,Blanking Code ,,13C/Hi1 ,10B/Hi2 ,,Blanking Code ,,8b/Hi1 
,F15 History ,,,,F15 History ,F15 History ,,,,F15 History 
6,,12C/Hi1 ,Blanking Code ,,,,,Blanking Code ,,
,,F15 History ,,,,,,,,
,,,,,,,,,,
,,,,,,,,,,
,,,,,,,,,,
,,,,,,,,,,
,,,,,,,,,,
Timetable - Miss Helen Gardiner,,,,,,,,,,
as at 15/10/2021,,,,,,,,,,
,,,,,,,,,,
,1Mon,1Tue,1Wed,1Thu,1Fri,2Mon,2Tue,2Wed,2Thu,2Fri
1,13A/Fr1 ,7b/Sp4 ,Blanking Code ,10C/Sp1 ,,8a/Fr5 ,7a/Fr2 ,Blanking Code ,11C/Fr1 ,Blanking Code 
,S02 MFL ,S02 MFL ,,S02 MFL ,,S02 MFL ,S02 MFL ,,S02 MFL ,
2,11C/Fr1 ,7a/Fr2 ,Blanking Code ,11C/Fr1 ,11C/Fr1 ,,9aD/Sp1 ,Blanking Code ,9aD/Sp1 ,Blanking Code 
,S02 MFL ,S02 MFL ,,S02 MFL ,S02 MFL ,,S02 MFL ,,S02 MFL ,
3,8b/Sp3 ,8b/Sp3 ,Blanking Code ,13A/Fr1 ,13A/Fr1 ,,,Blanking Code ,10C/Sp1 ,Blanking Code 
,S02 MFL ,S02 MFL ,,S02 MFL ,S02 MFL ,,,,S02 MFL ,
4,10C/Sp1 ,9aD/Sp1 ,Blanking Code ,,8a/Fr5 ,11C/Fr1 ,,Blanking Code ,,Blanking Code 
,S02 MFL ,S02 MFL ,,,S02 MFL ,S02 MFL ,,,,
5,,10C/Sp1 ,Blanking Code ,8a/Fr5 ,9aD/Sp1 ,13A/Fr1 ,10C/Sp1 ,Blanking Code ,13A/Fr1 ,Blanking Code 
,,S02 MFL ,,S03 MFL ,S02 MFL ,S02 MFL ,S02 MFL ,,F13 Science ,
6,,,Blanking Code ,,,,,Blanking Code ,,Blanking Code 
,,,,,,,,,,
,,,,,,,,,,
,,,,,,,,,,
,,,,,,,,,,
,,,,,,,,,,
,,,,,,,,,,
Timetable - Mrs Helen Gallagher,,,,,,,,,,
as at 15/10/2021,,,,,,,,,,
,,,,,,,,,,
,1Mon,1Tue,1Wed,1Thu,1Fri,2Mon,2Tue,2Wed,2Thu,2Fri
1,7a/Sp5 ,9aC/Fr1 ,8b/Fr1 ,Blanking Code ,Blanking Code ,Blanking Code ,9E/Fr1 ,9aC/Fr1 ,7a/Fr2 ,Blanking Code 
,S01 MFL ,S07 MFL ,S02 MFL ,,,,S07 MFL ,S02 MFL ,S05 MFL ,
2,9aC/Fr1 ,9E/Fr1 ,9E/Fr1 ,Blanking Code ,Blanking Code ,Blanking Code ,8a/Fr3 ,8a/Fr3 ,,Blanking Code 
,S01 MFL ,S07 MFL ,S02 MFL ,,,,S07 MFL ,S02 MFL ,,
3,8b/Fr1 ,8b/Fr1 ,7b/Fr3 ,Blanking Code ,Blanking Code ,Blanking Code ,,7b/Fr4 ,7b/Fr4 ,Blanking Code 
,S07 MFL ,F17 History ,S02 MFL ,,,,,S02 MFL ,S01 MFL ,
4,7a/Sp5 ,,8a/Fr3 ,Blanking Code ,Blanking Code ,8b/Fr5 ,Blanking Code ,8b/En1 ,9aC/Fr1 ,Blanking Code 
,S01 MFL ,,S02 MFL ,,,S03 MFL ,,G04 English ,S02 MFL ,
5,8b/En1 ,7b/Fr3 ,,Blanking Code ,Blanking Code ,,Blanking Code ,7b/Fr3 ,9E/Fr1 ,Blanking Code 
,G07 English ,F15 History ,,,,,,S01 MFL ,S02 MFL ,
6,,,,Blanking Code ,Blanking Code ,,Blanking Code ,,,Blanking Code 
,,,,,,,,,,
,,,,,,,,,,
,,,,,,,,,,
,,,,,,,,,,
,,,,,,,,,,
,,,,,,,,,,
Timetable - Miss Hanna Gray,,,,,,,,,,
as at 15/10/2021,,,,,,,,,,
,,,,,,,,,,
,1Mon,1Tue,1Wed,1Thu,1Fri,2Mon,2Tue,2Wed,2Thu,2Fri
1,11m/Li2 ,10m/Li1 ,,,Pastoral P ,12C/En1 ,11m/Li2 ,11s/Li4 ,7a/En5 ,Pastoral P 
,G10 English ,G10 English ,,,F26 Science ,G10 English ,G10 English ,G10 English ,G10 English ,F26 Science 
2,7b/En3 ,12C/En1 ,11m/Li2 ,,8b/En1 ,11s/Li4 ,10m/Li1 ,,12C/En1 ,8b/En1 
,G10 English ,G10 English ,G10 English ,,G10 English ,G10 English ,G10 English ,,G10 English ,G10 English 
3,,,11s/Li4 ,10t/En1 ,11m/Li2 ,10t/En1 ,7a/En5 ,,7b/En3 ,10m/Li1 
,,,G10 English ,G10 English ,G10 English ,G10 English ,G10 English ,,G10 English ,G10 English 
4,11s/Li4 ,7a/En5 ,P6 ,8b/En1 ,,7a/En5 ,,10t/En1 ,8b/En1 ,12C/En1 
,G10 English ,G10 English ,,G10 English ,,G10 English ,,G10 English ,G10 English ,G10 English 
5,10m/Li1 ,,10t/En1 ,,10m/Li1 ,,,9b/En1 ,11m/Li2 ,11s/Li4 
,G10 English ,,G10 English ,,G10 English ,,,G10 English ,G10 English ,G10 English 
6,,,12C/En1 ,,,,,,,
,,,G10 English ,,,,,,,
,,,,,,,,,,
,,,,,,,,,,
,,,,,,,,,,
,,,,,,,,,,
,,,,,,,,,,
Timetable - Miss Helen Lamb,,,,,,,,,,
as at 15/10/2021,,,,,,,,,,
,,,,,,,,,,
,1Mon,1Tue,1Wed,1Thu,1Fri,2Mon,2Tue,2Wed,2Thu,2Fri
1,9aB/Hi2 ,13C/Hi1 ,,10C/Hi1 ,,11A/Hi1 ,7b/Hi2 ,8b/Hi1 ,8b/Hi1 ,
,F16 History ,F13 Science ,,F14 History ,,F14 History ,F14 History ,F15 History ,F14 History ,
2,,7b/Hi2 ,,13C/Hi1 ,,13C/Hi1 ,13C/Hi1 ,,9aD/Hi2 ,8b/Hi4 
,,F15 History ,,S03 MFL ,,F15 History ,F15 History ,,F14 History ,F15 History 
3,,11A/Hi1 ,8b/Hi4 ,9aB/Hi2 ,,9aB/Hi2 ,9aB/Hi2 ,,10C/Hi1 ,11A/Hi1 
,,F15 History ,F14 History ,G16 RE ,,S06 MFL ,F16 History ,,F14 History ,G11 English 
4,10C/Hi1 ,,,7b/Hi2 ,,8a/Hi5 ,8a/Hi5 ,11A/Hi1 ,8b/Hi4 ,
,F15 History ,,,F13 Science ,,F07 Maths ,F15 History ,F14 History ,F14 History ,
5,,10C/Hi1 ,11A/Hi1 ,,9aD/Hi2 ,,10C/Hi1 ,,,8a/Hi5 
,,F14 History ,F14 History ,,F14 History ,,F15 History ,,,G28 Computing 
6,,,,,,,,,,
,,,,,,,,,,
,,,,,,,,,,
,,,,,,,,,,
,,,,,,,,,,
,,,,,,,,,,
,,,,,,,,,,
Timetable - Mrs Helen Miland,,,,,,,,,,
as at 15/10/2021,,,,,,,,,,
,,,,,,,,,,
,1Mon,1Tue,1Wed,1Thu,1Fri,2Mon,2Tue,2Wed,2Thu,2Fri
1,8b/Sc4 ,Blanking Code ,Blanking Code ,11m/Ma2 ,COVER ,7a/Ma4 ,Blanking Code ,Blanking Code ,7b/Sc4 ,
,F03 Science ,,,F09 Maths ,,F11 Maths ,,,F32 Science ,
2,7a/Ma4 ,Blanking Code ,Blanking Code ,9a/Sc5 ,12/MaRes ,9b/Ma2 ,Blanking Code ,Blanking Code ,9b/Ma2 ,11m/Ma2 
,F05 Maths ,,,F26 Science ,S03 MFL ,G11 English ,,,F09 Maths ,F03 Science 
3,11m/Ma2 ,Blanking Code ,Blanking Code ,,7a/Ma4 ,7b/Sc4 ,Blanking Code ,Blanking Code ,11m/Ma2 ,8b/Sc4 
,F06 Maths ,,,,F10 Maths ,F13 Science ,,,F06 Maths ,F25 Science 
4,8b/Sc5 ,12/MaRes ,Blanking Code ,Blanking Code ,11m/Ma2 ,,11m/Ma2 ,Blanking Code ,Blanking Code ,
,F06 Maths ,G22 Geography ,,,F06 Maths ,,F06 Maths ,,,
5,9b/Ma2 ,11m/Ma2 ,Blanking Code ,Blanking Code ,9b/Ma2 ,11m/Ma2 ,7a/Ma4 ,Blanking Code ,Blanking Code ,
,F06 Maths ,F06 Maths ,,,F09 Maths ,F06 Maths ,F11 Maths ,,,
6,,,Blanking Code ,Blanking Code ,,,,Blanking Code ,Blanking Code ,
,,,,,,,,,,
,,,,,,,,,,
,,,,,,,,,,
,,,,,,,,,,
,,,,,,,,,,
,,,,,,,,,,
Timetable - Mr Ian Reeve,,,,,,,,,,
as at 15/10/2021,,,,,,,,,,
,,,,,,,,,,
,1Mon,1Tue,1Wed,1Thu,1Fri,2Mon,2Tue,2Wed,2Thu,2Fri
1,,,13D/Bi1 ,13D/Bi1 ,Pastoral P ,,10s/Sc2 ,10s/Sc2 ,,Pastoral P 
,,,F25 Science ,F25 Science ,S01 MFL ,,F25 Science ,F25 Science ,,S01 MFL 
2,11C/Bi1 ,11C/Bi1 ,7a/Sc2 ,11C/Bi1 ,11C/Bi1 ,8a/Sc4 ,,7b/Sc2 ,13D/Bi1 ,8a/Sc5 
,F32 Science ,F12 Maths ,F25 Science ,F25 Science ,F25 Science ,S07 MFL ,,F25 Science ,F25 Science ,F25 Science 
3,9b/Sc4 ,,10s/Sc2 ,8a/Sc2 ,7a/Sc2 ,7b/Sc2 ,9b/Sc4 ,,8b/Sc2 ,8b/Sc2 
,F25 Science ,,F25 Science ,F25 Science ,F29 Science ,F27 Science ,F25 Science ,,F30 Science ,S05 MFL 
4,8b/Sc1 ,,8b/Sc1 ,,11t/Sc4 ,11C/Bi1 ,9a/Sc4 ,13D/Bi1 ,8a/Sc5 ,8a/Sc1 
,F25 Science ,,F25 Science ,,F03 Science ,F25 Science ,F25 Science ,F25 Science ,F25 Science ,F13 Science 
5,9a/Sc4 ,,P6 ,11t/Sc4 ,8a/Sc1 ,8a/Sc2 ,,8a/Sc4 ,,11t/Sc4 
,F25 Science ,,,F26 Science ,F03 Science ,F25 Science ,,F25 Science ,,F13 Science 
6,,,13D/Bi1 ,,,,,,,
,,,F25 Science ,,,,,,,
,,,,,,,,,,
,,,,,,,,,,
,,,,,,,,,,
,,,,,,,,,,
,,,,,,,,,,
Timetable - Dr Ian Stanton,,,,,,,,,,
as at 15/10/2021,,,,,,,,,,
,,,,,,,,,,
,1Mon,1Tue,1Wed,1Thu,1Fri,2Mon,2Tue,2Wed,2Thu,2Fri
1,,7b/Sp5 ,,9bC/Sp2 ,,8a/Sp2 ,,,11C/Sp2 ,
,,S03 MFL ,,S07 MFL ,,S03 MFL ,,,F06 Maths ,
2,11C/Sp2 ,,,11C/Sp2 ,11C/Sp2 ,,8a/Sp2 ,,,9bC/Sp2 
,F07 Maths ,,,S07 MFL ,S01 MFL ,,S01 MFL ,,,S06 MFL 
3,8b/Sp4 ,8b/Sp4 ,7b/Sp1 ,,,,,8b/Sp4 ,,
,S01 MFL ,S07 MFL ,S03 MFL ,,,,,F14 History ,,
4,,,,,,11C/Sp2 ,7b/Sp5 ,9bC/Sp2 ,,
,,,,,,S07 MFL ,S02 MFL ,S02 MFL ,,
5,7b/Sp1 ,9bC/Sp2 ,,8a/Sp2 ,,,,7b/Sp1 ,7b/Sp5 ,
,S01 MFL ,G15 RE ,,S07 MFL ,,,,S02 MFL ,S03 MFL ,
6,,,,,,,,,,
,,,,,,,,,,
,,,,,,,,,,
,,,,,,,,,,
,,,,,,,,,,
,,,,,,,,,,
,,,,,,,,,,
Timetable - Miss Jennifer Bilton,,,,,,,,,,
as at 15/10/2021,,,,,,,,,,
,,,,,,,,,,
,1Mon,1Tue,1Wed,1Thu,1Fri,2Mon,2Tue,2Wed,2Thu,2Fri
1,10B/Gg1 ,,9bD/It1 ,,Pastoral P ,,,7b/Gg2 ,9bA/Gg2 ,Pastoral P 
,F24 Geography ,,F18 Computing ,,G05 English ,,,F24 Geography ,F24 Geography ,G05 English 
2,,8a/Gg1 ,8b/Gg4 ,13C/Gg1 ,,13C/Gg1 ,9bA/Gg2 ,9aA/Gg1 ,10B/Gg1 ,8a/Gg1 
,,F24 Geography ,F24 Geography ,F24 Geography ,,F24 Geography ,F24 Geography ,F24 Geography ,F24 Geography ,F24 Geography 
3,13C/Gg1 ,,9aA/Gg1 ,11B/Gg2 ,9bB/It1 ,11B/Gg2 ,11B/Gg2 ,8a/Gg1 ,7a/Gg3 ,9bB/It1 
,F24 Geography ,,F24 Geography ,F24 Geography ,F18 Computing ,F24 Geography ,F24 Geography ,F24 Geography ,F24 Geography ,F18 Computing 
4,9bA/Gg2 ,10B/Gg1 ,8b/Gg4 ,10B/Gg1 ,9aA/Gg1 ,9bD/It1 ,8b/Gg4 ,,11B/Gg2 ,9aA/Gg1 
,F24 Geography ,F24 Geography ,F24 Geography ,F24 Geography ,F24 Geography ,F19 Computing ,F24 Geography ,,F24 Geography ,F24 Geography 
5,11B/Gg2 ,7a/Gg3 ,7b/Gg2 ,9bA/Gg2 ,13C/Gg1 ,10B/Gg1 ,7b/Gg2 ,,,13C/Gg1 
,F24 Geography ,F24 Geography ,F24 Geography ,F24 Geography ,F24 Geography ,F24 Geography ,F24 Geography ,,,F24 Geography 
6,,,,,,,,,,
,,,,,,,,,,
,,,,,,,,,,
,,,,,,,,,,
,,,,,,,,,,
,,,,,,,,,,
,,,,,,,,,,
Timetable - Mr John Bone,,,,,,,,,,
as at 15/10/2021,,,,,,,,,,
,,,,,,,,,,
,1Mon,1Tue,1Wed,1Thu,1Fri,2Mon,2Tue,2Wed,2Thu,2Fri
1,8a/Pe4 ,7a/Pe2 ,7b/Pe3 ,7a/Pe2 ,Pastoral P ,13D/Sr1 ,8a/Pe4 ,10tm/Pe4 ,8a/Pe4 ,Pastoral P 
,,,,,F18 Computing ,G17 Music ,,,,F18 Computing 
2,9b/Pe4 ,9E/Cs1 ,10tm/Pe4 ,12D/Sr1 ,8a/Pe4 ,12D/Sr1 ,10s/Pe2 ,11tm/Pe4 ,7a/Pe2 ,
,,F05 Maths ,,F08 Maths ,,G29 Design Technology ,,,,
3,12D/Sr1 ,7b/Pe3 ,9b/Pe4 ,,,11B/Pg1 ,,9a/Pe4 ,9b/Pe4 ,7a/Pe2 
,G31 Dance ,,,,,S02 MFL ,,,,
4,9a/Pe4 ,,13P/Pe2 ,9a/Pe4 ,13D/Sr1 ,7b/Pe3 ,10A/Pg1 ,12P/Pe2 ,,9b/Pe4 
,,,,,S03 MFL ,,G11 English ,,,
5,11B/Pg1 ,,P6 ,10A/Pg1 ,10s/Pe2 ,9a/Pe4 ,,12P/Pe2 ,9E/Cs1 ,7b/Pe3 
,S02 MFL ,,,G20 Music ,,,,,F23 Health ,
6,,,13D/Sr1 ,,,,,,,
,,,F09 Maths ,,,,,,,
,,,,,,,,,,
,,,,,,,,,,
,,,,,,,,,,
,,,,,,,,,,
,,,,,,,,,,
Timetable - Miss Jessica Durham,,,,,,,,,,
as at 15/10/2021,,,,,,,,,,
,,,,,,,,,,
,1Mon,1Tue,1Wed,1Thu,1Fri,2Mon,2Tue,2Wed,2Thu,2Fri
1,,9bB/Hi3 ,12C/Hi1 ,,Pastoral P ,9bB/Hi3 ,,8b/Hi2 ,11C/Hi2 ,Pastoral P 
,,F16 History ,F16 History ,,G12 RE ,F16 History ,,F16 History ,F16 History ,G12 RE 
2,11C/Hi2 ,,7b/Hi4 ,11C/Hi2 ,11C/Hi2 ,10A/Hi1 ,9aD/Hi1 ,,9aD/Hi1 ,10A/Hi1 
,F16 History ,,F16 History ,F16 History ,F16 History ,F16 History ,F16 History ,,F16 History ,F16 History 
3,10A/Hi1 ,,P6 ,7a/Hi3 ,9bB/Hi3 ,7a/Hi3 ,,7a/Hi3 ,,9bB/Hi3 
,F16 History ,,,F16 History ,F16 History ,F16 History ,,F16 History ,,F16 History 
4,8a/Hi1 ,9aD/Hi1 ,7a/Hi4 ,8a/Hi1 ,7a/Hi4 ,11C/Hi2 ,10A/Hi1 ,8b/Hi2 ,7b/Hi4 ,12C/Hi1 
,F16 History ,F16 History ,F16 History ,F16 History ,F16 History ,F16 History ,F16 History ,F16 History ,F16 History ,F16 History 
5,12C/Hi1 ,7a/Hi4 ,7b/Hi4 ,10A/Hi1 ,9aD/Hi1 ,,8a/Hi1 ,9b/En4 ,,8b/Hi2 
,F16 History ,F16 History ,F16 History ,F16 History ,F16 History ,,F16 History ,G23 Geography ,,F16 History 
6,,,12C/Hi1 ,,,,,,,
,,,F16 History ,,,,,,,
,,,,,,,,,,
,,,,,,,,,,
,,,,,,,,,,
,,,,,,,,,,
,,,,,,,,,,
Timetable - Miss Judith Eakin,,,,,,,,,,
as at 15/10/2021,,,,,,,,,,
,,,,,,,,,,
,1Mon,1Tue,1Wed,1Thu,1Fri,2Mon,2Tue,2Wed,2Thu,2Fri
1,10B/Ar1 ,,Blanking Code ,8b/Ar3 ,Blanking Code ,,9E/Ar1 ,Blanking Code ,9bA/Ar1 ,Blanking Code 
,F02 Art ,,,F02 Art ,,,F02 Art ,,F02 Art ,
2,8b/Ar2 ,9E/Ar1 ,Blanking Code ,7b/Ar3 ,Blanking Code ,12D/Ar1 ,9bA/Ar1 ,Blanking Code ,10B/Ar1 ,Blanking Code 
,F02 Art ,F02 Art ,,F02 Art ,,F02 Art ,F02 Art ,,F02 Art ,
3,12D/Ar1 ,12D/Ar1 ,Blanking Code ,7a/Ar4 ,Blanking Code ,8a/Ar4 ,8b/Ar2 ,Blanking Code ,12D/Ar1 ,Blanking Code 
,F02 Art ,F02 Art ,,F02 Art ,,F02 Art ,F02 Art ,,F02 Art ,
4,9bA/Ar1 ,10B/Ar1 ,Blanking Code ,10B/Ar1 ,Blanking Code ,,,Blanking Code ,,Blanking Code 
,F02 Art ,F02 Art ,,F02 Art ,,,,,,
5,8a/Ar4 ,8b/Ar3 ,Blanking Code ,9bA/Ar1 ,Blanking Code ,10B/Ar1 ,7b/Ar3 ,Blanking Code ,9E/Ar1 ,Blanking Code 
,F02 Art ,F02 Art ,,F02 Art ,,F02 Art ,F02 Art ,,F02 Art ,
6,,,Blanking Code ,,Blanking Code ,,,Blanking Code ,,Blanking Code 
,,,,,,,,,,
,,,,,,,,,,
,,,,,,,,,,
,,,,,,,,,,
,,,,,,,,,,
,,,,,,,,,,
Timetable - Mrs Jill Edgar,,,,,,,,,,
as at 15/10/2021,,,,,,,,,,
,,,,,,,,,,
,1Mon,1Tue,1Wed,1Thu,1Fri,2Mon,2Tue,2Wed,2Thu,2Fri
1,12B/Fm1 ,P6 ,,11m/Ma1 ,Pastoral P ,,8b/Ma5 ,13B/Fm1 ,,Pastoral P 
,F10 Maths ,,,F10 Maths ,F22 Business ,,F10 Maths ,F10 Maths ,,F22 Business 
2,13B/Fm1 ,8b/Ma2 ,10s/Ma3 ,,10s/Ma3 ,8b/Ma2 ,,,,11m/Ma1 
,F10 Maths ,F10 Maths ,F10 Maths ,,F10 Maths ,F10 Maths ,,,,F10 Maths 
3,11m/Ma1 ,10s/Ma3 ,,10s/Ma3 ,12B/Fm1 ,10s/Ma3 ,10s/Ma3 ,10s/Ma3 ,11m/Ma1 ,12B/Fm1 
,F10 Maths ,F10 Maths ,,F10 Maths ,S04 MFL ,F10 Maths ,F10 Maths ,F10 Maths ,F10 Maths ,F10 Maths 
4,,12B/Fm1 ,8b/Ma2 ,13B/Fm1 ,11m/Ma1 ,13B/Fm1 ,11m/Ma1 ,,9b/Ma3 ,10s/Ma3 
,,F10 Maths ,F10 Maths ,F10 Maths ,F10 Maths ,F10 Maths ,F10 Maths ,,F10 Maths ,F10 Maths 
5,9b/Ma3 ,11m/Ma1 ,9b/Ma3 ,8b/Ma5 ,9b/Ma3 ,11m/Ma1 ,13B/Fm1 ,8b/Ma2 ,12B/Fm1 ,
,F10 Maths ,F10 Maths ,F10 Maths ,F10 Maths ,F10 Maths ,F10 Maths ,F10 Maths ,F10 Maths ,F10 Maths ,
6,,,,,,,,,,
,,,,,,,,,,
,,,,,,,,,,
,,,,,,,,,,
,,,,,,,,,,
,,,,,,,,,,
,,,,,,,,,,
Timetable - Miss Julia Henzell,,,,,,,,,,
as at 15/10/2021,,,,,,,,,,
,,,,,,,,,,
,1Mon,1Tue,1Wed,1Thu,1Fri,2Mon,2Tue,2Wed,2Thu,2Fri
1,COVER ,,9bD/Gg1 ,10C/Vi1 ,Pastoral P ,11A/Gg1 ,8b/Gg3 ,7b/Gg1 ,,Pastoral P 
,,,G22 Geography ,F19 Computing ,F07 Maths ,G22 Geography ,G22 Geography ,G22 Geography ,,F07 Maths 
2,9aC/It1 ,8a/Gg4 ,12B/Gg1 ,,9bD/Gg1 ,10A/Gg2 ,9aD/Gg2 ,8b/Gg1 ,9aD/Gg2 ,10A/Gg2 
,F19 Computing ,G22 Geography ,G22 Geography ,,G22 Geography ,G22 Geography ,G22 Geography ,G22 Geography ,G22 Geography ,G22 Geography 
3,10A/Gg2 ,11A/Gg1 ,,8b/Gg1 ,7b/Gg1 ,12B/Gg1 ,8a/Gg4 ,,,11A/Gg1 
,G22 Geography ,G22 Geography ,,G22 Geography ,G22 Geography ,G22 Geography ,G22 Geography ,,,G22 Geography 
4,,9aD/Gg2 ,8b/Gg3 ,7b/Gg1 ,8b/Gg1 ,9bD/Gg1 ,10A/Gg2 ,11A/Gg1 ,9aC/It1 ,8a/Gg4 
,,G22 Geography ,G22 Geography ,G22 Geography ,G22 Geography ,G22 Geography ,G22 Geography ,G22 Geography ,F19 Computing ,G21 Geography 
5,,10C/Vi1 ,11A/Gg1 ,10A/Gg2 ,9aD/Gg2 ,12B/Gg1 ,10C/Vi1 ,8b/Gg3 ,12B/Gg1 ,9bD/Gg1 
,,F19 Computing ,G22 Geography ,G22 Geography ,G22 Geography ,G22 Geography ,F19 Computing ,G22 Geography ,G22 Geography ,G22 Geography 
6,,,,,,,,,,
,,,,,,,,,,
,,,,,,,,,,
,,,,,,,,,,
,,,,,,,,,,
,,,,,,,,,,
,,,,,,,,,,
Timetable - Miss Jillian Jones,,,,,,,,,,
as at 15/10/2021,,,,,,,,,,
,,,,,,,,,,
,1Mon,1Tue,1Wed,1Thu,1Fri,2Mon,2Tue,2Wed,2Thu,2Fri
1,11s/En2 ,10m/Li2 ,Blanking Code ,7b/En1 ,,7b/En4 ,7a/En4 ,Blanking Code ,10m/En2 ,
,G05 English ,G05 English ,,G05 English ,,G05 English ,G05 English ,,G05 English ,
2,7b/En4 ,7a/En4 ,Blanking Code ,9b/En2 ,8b/En4 ,,10m/Li2 ,Blanking Code ,11s/En2 ,7b/En1 
,G05 English ,G05 English ,,G05 English ,G05 English ,,G05 English ,,G05 English ,G05 English 
3,9a/En4 ,10m/En2 ,Blanking Code ,9b/En2 ,10m/En2 ,8b/En4 ,,Blanking Code ,,10m/Li2 
,G05 English ,G05 English ,,G05 English ,G05 English ,G05 English ,,,,G05 English 
4,7a/En4 ,9b/En2 ,Blanking Code ,11s/En2 ,9b/En2 ,10m/En2 ,9b/En2 ,Blanking Code ,7a/En4 ,7b/En1 
,G03 English ,G05 English ,,G05 English ,G05 English ,G05 English ,G05 English ,,G05 English ,G05 English 
5,10m/Li2 ,7b/En1 ,Blanking Code ,,10m/Li2 ,11s/En2 ,9b/En2 ,Blanking Code ,7b/En1 ,8b/En4 
,G05 English ,G05 English ,,,G05 English ,G05 English ,G05 English ,,G05 English ,G05 English 
6,,,Blanking Code ,,,,,Blanking Code ,,
,,,,,,,,,,
,,,,,,,,,,
,,,,,,,,,,
,,,,,,,,,,
,,,,,,,,,,
,,,,,,,,,,
Timetable - Mrs Julia McDonald,,,,,,,,,,
as at 15/10/2021,,,,,,,,,,
,,,,,,,,,,
,1Mon,1Tue,1Wed,1Thu,1Fri,2Mon,2Tue,2Wed,2Thu,2Fri
1,7a/Dt3 ,8b/Dt2 ,8a/Ss4 ,9bC/Hs1 ,Pastoral P ,7b/Dt3 ,7a/Dt5 ,8a/Dt3 ,9bA/Hs1 ,Pastoral P 
,G26 Product Design ,G30 Food ,G28 Computing ,F22 Business ,G17 Music ,G29 Design Technology ,G30 Food ,G30 Food ,F22 Business ,G17 Music 
2,9aC/Dt1 ,7a/Dt1 ,8a/Dt1 ,,7a/Dt3 ,,9bA/Hs1 ,,8a/Dt5 ,
,G30 Food ,G30 Food ,G30 Food ,,G29 Design Technology ,,F22 Business ,,G30 Food ,
3,COVER ,8a/Dt4 ,7b/Dt2 ,9aB/Hs1 ,8a/Dt2 ,9aB/Hs1 ,9aB/Hs1 ,7b/Dt5 ,8a/Ss4 ,COVER 
,,G30 Food ,G26 Product Design ,G27 Textiles ,G30 Food ,F23 Health ,F22 Business ,G27 Textiles ,G28 Computing ,
4,,7a/Dt2 ,,COVER ,COVER ,,7b/Dt2 ,8a/Dt3 ,7a/Dt3 ,
,,G30 Food ,,,,,G30 Food ,G29 Design Technology ,G30 Food ,
5,8b/Dt4 ,9bC/Hs1 ,8b/Dt5 ,9bA/Hs1 ,8b/Dt1 ,COVER ,8b/Dt5 ,7b/Dt4 ,7b/Dt3 ,8b/Dt3 
,G30 Food ,F22 Business ,G29 Design Technology ,G30 Food ,G30 Food ,,G30 Food ,G30 Food ,G30 Food ,G30 Food 
6,,,,,,,,,,
,,,,,,,,,,
,,,,,,,,,,
,,,,,,,,,,
,,,,,,,,,,
,,,,,,,,,,
,,,,,,,,,,
Timetable - Mr James McDonald,,,,,,,,,,
as at 15/10/2021,,,,,,,,,,
,,,,,,,,,,
,1Mon,1Tue,1Wed,1Thu,1Fri,2Mon,2Tue,2Wed,2Thu,2Fri
1,,11s/Re1 ,,,,10t/Re1 ,,,,
,,G13 RE ,,,,G13 RE ,,,,
2,13B/Th1 ,10t/Re1 ,,,,,11s/Re1 ,11s/Re1 ,11m/Re2 ,
,G12 RE ,G13 RE ,,,,,G17 Music ,F15 History ,G12 RE ,
3,,13B/Th1 ,10t/Re1 ,,10t/Re1 ,,,11m/Re2 ,,
,,G17 Music ,G14 RE ,,G13 RE ,,,G12 RE ,,
4,,,11m/Re2 ,13B/Th1 ,11s/Re1 ,13B/Th1 ,,,,
,,,F17 History ,S02 MFL ,G16 RE ,G12 RE ,,,,
5,,13B/Th1 ,,11s/Re1 ,11m/Re2 ,,11m/Re2 ,,10t/Re1 ,9a/Re1 
,,G12 RE ,,G14 RE ,G12 RE ,,F03 Science ,,G20 Music ,G17 Music 
6,,,,,,,,,,
,,,,,,,,,,
,,,,,,,,,,
,,,,,,,,,,
,,,,,,,,,,
,,,,,,,,,,
,,,,,,,,,,
Timetable - Mr James Turnbull,,,,,,,,,,
as at 15/10/2021,,,,,,,,,,
,,,,,,,,,,
,1Mon,1Tue,1Wed,1Thu,1Fri,2Mon,2Tue,2Wed,2Thu,2Fri
1,,,,,,,10s/Sc1 ,12A/Ph1 ,12A/Ph1 ,
,,,,,,,F29 Science ,F29 Science ,F25 Science ,
2,12A/Ph1 ,11s/Sc2 ,11s/Sc2 ,,,9b/Sc4 ,,13A/Ph1 ,,
,F29 Science ,F09 Maths ,F15 History ,,,S05 MFL ,,F29 Science ,,
3,11C/Ph1 ,9b/Sc4 ,12A/Ph1 ,,13A/Ph1 ,,,,11C/Ph1 ,13A/Ph1 
,F29 Science ,F32 Science ,S06 MFL ,,F20 Computing ,,,,F29 Science ,F03 Science 
4,,,11C/Ph1 ,,10s/Sc1 ,,13A/Ph1 ,,10s/Sc1 ,11s/Sc2 
,,,F32 Science ,,F32 Science ,,F29 Science ,,F22 Business ,F30 Science 
5,,,,,11C/Ph1 ,13A/Ph1 ,,,,
,,,,,F29 Science ,F22 Business ,,,,
6,,,,,,,,,,
,,,,,,,,,,
,,,,,,,,,,
,,,,,,,,,,
,,,,,,,,,,
,,,,,,,,,,
,,,,,,,,,,
Timetable - Dr Jane Winckler,,,,,,,,,,
as at 15/10/2021,,,,,,,,,,
,,,,,,,,,,
,1Mon,1Tue,1Wed,1Thu,1Fri,2Mon,2Tue,2Wed,2Thu,2Fri
1,13A/Ph1 ,10t/Sc1 ,,,,7a/Sc3 ,,7b/Ss4 ,13A/Ph1 ,
,F29 Science ,F29 Science ,,,,F29 Science ,,F20 Computing ,F29 Science ,
2,,10B/Ph1 ,8b/Sc1 ,9a/Sc4 ,13B/Ph1 ,8a/Sc1 ,,12B/Ph1 ,10B/Ph1 ,8a/Sc4 
,,F29 Science ,F29 Science ,F29 Science ,F29 Science ,F29 Science ,,F17 History ,F29 Science ,F26 Science 
3,11s/Sc1 ,7a/Sc3 ,10B/Ph1 ,13A/Ph1 ,11t/Sc2 ,12B/Ph1 ,8a/Sc1 ,8a/Sc4 ,9a/Sc4 ,10t/Sc1 
,G06 English ,F29 Science ,F29 Science ,F29 Science ,S05 MFL ,F29 Science ,F23 Health ,F28 Science ,F16 History ,F29 Science 
4,13B/Ph1 ,13A/Ph1 ,11s/Sc1 ,13B/Ph1 ,11t/Sc2 ,13B/Ph1 ,12B/Ph1 ,7a/Sc4 ,10B/Ph1 ,11s/Sc1 
,F05 Maths ,F29 Science ,F29 Science ,F29 Science ,F29 Science ,F13 Science ,G13 RE ,F29 Science ,F29 Science ,F29 Science 
5,,11t/Sc2 ,7a/Sc4 ,8b/Sc1 ,7b/Ss4 ,,13B/Ph1 ,10t/Sc1 ,13A/Ph1 ,10B/Ph1 
,,F29 Science ,F29 Science ,F29 Science ,F22 Business ,,F29 Science ,F29 Science ,F29 Science ,F29 Science 
6,,,,,,,12B/Ph1 ,,,
,,,,,,,F29 Science ,,,
,,,,,,,,,,
,,,,,,,,,,
,,,,,,,,,,
,,,,,,,,,,
,,,,,,,,,,
Timetable - Dr Karl Jankowski,,,,,,,,,,
as at 15/10/2021,,,,,,,,,,
,,,,,,,,,,
,1Mon,1Tue,1Wed,1Thu,1Fri,2Mon,2Tue,2Wed,2Thu,2Fri
1,12B/Ch1 ,,,,Pastoral P ,9a/Sc1 ,10t/Sc2 ,10s/Sc1 ,10t/Sc2 ,Pastoral P 
,F28 Science ,,,,F32 Science ,F28 Science ,F31 Science ,F28 Science ,F26 Science ,F32 Science 
2,13B/Ch1 ,10s/Sc1 ,11A/Ch1 ,9a/Sc1 ,,13C/Ch1 ,13C/Ch1 ,8b/Sc3 ,,13B/Ch1 
,F28 Science ,F28 Science ,F28 Science ,F17 History ,,F28 Science ,F30 Science ,F28 Science ,,F28 Science 
3,,11A/Ch1 ,10s/Sc1 ,8b/Sc3 ,10s/Sc2 ,12B/Ch1 ,9b/Sc1 ,P6 ,13C/Ch1 ,
,,F13 Science ,F28 Science ,F28 Science ,F28 Science ,F28 Science ,F29 Science ,,F28 Science ,
4,13B/Ch1 ,12B/Ch1 ,,13B/Ch1 ,11t/Sc1 ,10s/Sc2 ,11t/Sc1 ,,10s/Sc2 ,11A/Ch1 
,F28 Science ,S04 MFL ,,F28 Science ,F28 Science ,F03 Science ,F28 Science ,,F13 Science ,F28 Science 
5,9b/Sc1 ,13B/Ch1 ,,11t/Sc1 ,11A/Ch1 ,12B/Ch1 ,13B/Ch1 ,10t/Sc2 ,,13C/Ch1 
,F28 Science ,F28 Science ,,F15 History ,F28 Science ,F28 Science ,F28 Science ,F28 Science ,,F28 Science 
6,,,,,,,,,,
,,,,,,,,,,
,,,,,,,,,,
,,,,,,,,,,
,,,,,,,,,,
,,,,,,,,,,
,,,,,,,,,,
Timetable - Mr Kyle Richardson,,,,,,,,,,
as at 15/10/2021,,,,,,,,,,
,,,,,,,,,,
,1Mon,1Tue,1Wed,1Thu,1Fri,2Mon,2Tue,2Wed,2Thu,2Fri
1,,,8a/Mu1 ,8b/Mu1 ,Pastoral P ,,,13B/Mu1 ,,Pastoral P 
,,,G17 Music ,G17 Music ,G10 English ,,,G17 Music ,,G10 English 
2,8b/Mu1 ,P6 ,9E/Mu1 ,,13B/Mu1 ,10A/Mu1 ,P6 ,7a/Mu3 ,8b/Mu3 ,13B/Mu1 
,G17 Music ,,G17 Music ,,G17 Music ,G17 Music ,,G17 Music ,G17 Music ,G17 Music 
3,10A/Mu1 ,,13B/Mu1 ,7a/Mu2 ,,8a/Mu2 ,8b/Mu3 ,,8a/Mu2 ,8a/Mu3 
,G17 Music ,,G17 Music ,G17 Music ,,G17 Music ,G17 Music ,,G17 Music ,G17 Music 
4,13B/Mu1 ,8a/Mu1 ,7a/Mu3 ,13B/Mu1 ,7a/Mu2 ,13B/Mu1 ,10A/Mu1 ,7b/Mu3 ,13B/Mu1 ,
,G17 Music ,G17 Music ,G17 Music ,G17 Music ,G17 Music ,G17 Music ,G17 Music ,G17 Music ,G17 Music ,
5,8a/Mu3 ,8b/Mu2 ,7b/Mu3 ,10A/Mu1 ,,8b/Mu2 ,13B/Mu1 ,P6 ,9E/Mu1 ,
,G17 Music ,G17 Music ,G17 Music ,G17 Music ,,G17 Music ,G17 Music ,,G17 Music ,
6,,11O/Mu1 ,,,,,11O/Mu1 ,11O/Mu1 ,,
,,G17 Music ,,,,,G17 Music ,G17 Music ,,
,,,,,,,,,,
,,,,,,,,,,
,,,,,,,,,,
,,,,,,,,,,
,,,,,,,,,,
Timetable - Mrs Katie Spina,,,,,,,,,,
as at 15/10/2021,,,,,,,,,,
,,,,,,,,,,
,1Mon,1Tue,1Wed,1Thu,1Fri,2Mon,2Tue,2Wed,2Thu,2Fri
1,9b/En4 ,10s/En4 ,10s/Li3 ,7b/En3 ,Pastoral P ,10s/Li3 ,12C/Fl1 ,11s/Li2 ,9a/En5 ,Pastoral P 
,G08 English ,G08 English ,G08 English ,G08 English ,G20 Music ,G08 English ,G08 English ,G08 English ,G08 English ,G20 Music 
2,10s/Li3 ,12C/Fl1 ,,9b/En4 ,8b/En2 ,11s/Li2 ,7b/En3 ,10s/Li3 ,,8b/En2 
,G08 English ,G03 English ,,G08 English ,G08 English ,G08 English ,G08 English ,G08 English ,,G08 English 
3,9a/En5 ,,11s/Li2 ,7b/En3 ,,9b/En4 ,12C/Fl1 ,9b/En4 ,,10s/En4 
,G08 English ,,G08 English ,G08 English ,,G08 English ,G03 English ,G08 English ,,G08 English 
4,11s/Li2 ,9b/En4 ,,8b/En2 ,12C/Fl1 ,9a/En5 ,9b/En4 ,10s/En4 ,,7b/En3 
,G08 English ,G08 English ,,G08 English ,G07 English ,G08 English ,G08 English ,G08 English ,,G08 English 
5,,9a/En5 ,10s/En4 ,,8b/En2 ,,9a/En5 ,9a/En5 ,10s/Li3 ,11s/Li2 
,,G08 English ,G08 English ,,G08 English ,,G08 English ,G08 English ,G08 English ,G08 English 
6,,,,,,,,,,
,,,,,,,,,,
,,,,,,,,,,
,,,,,,,,,,
,,,,,,,,,,
,,,,,,,,,,
,,,,,,,,,,
Timetable - Mrs Kathrine Tait,,,,,,,,,,
as at 15/10/2021,,,,,,,,,,
,,,,,,,,,,
,1Mon,1Tue,1Wed,1Thu,1Fri,2Mon,2Tue,2Wed,2Thu,2Fri
1,,12D/Ar1 ,9bD/Ar1 ,8b/Ar4 ,Pastoral P ,11A/Ar1 ,13D/Ar1 ,,,Pastoral P 
,,F00 Art ,F00 Art ,F00 Art ,F17 History ,F00 Art ,F00 Art ,,,F17 History 
2,,13D/Ar1 ,9E/Ar1 ,12D/Ar1 ,9bD/Ar1 ,10A/Ar1 ,12D/Ar1 ,9aA/Ar1 ,8b/Ar4 ,10A/Ar1 
,,F00 Art ,F00 Art ,F00 Art ,F00 Art ,F00 Art ,F00 Art ,F00 Art ,F00 Art ,F00 Art 
3,10A/Ar1 ,11A/Ar1 ,9aA/Ar1 ,,,9aB/Ar1 ,9aB/Ar1 ,13D/Ar1 ,8a/Ar3 ,11A/Ar1 
,F00 Art ,F00 Art ,F00 Art ,,,F00 Art ,F00 Art ,F00 Art ,F00 Art ,F00 Art 
4,,8a/Ar3 ,12D/Ar1 ,,9aA/Ar1 ,9bD/Ar1 ,10A/Ar1 ,11A/Ar1 ,,9aA/Ar1 
,,F00 Art ,F00 Art ,,F00 Art ,F00 Art ,F00 Art ,F00 Art ,,F00 Art 
5,13D/Ar1 ,,11A/Ar1 ,10A/Ar1 ,12D/Ar1 ,7a/Ar4 ,,,,9bD/Ar1 
,F00 Art ,,F00 Art ,F00 Art ,F00 Art ,F00 Art ,,,,F00 Art 
6,,,13D/Ar1 ,,,,,,,
,,,F00 Art ,,,,,,,
,,,,,,,,,,
,,,,,,,,,,
,,,,,,,,,,
,,,,,,,,,,
,,,,,,,,,,
Timetable - Mrs Katherine Vacher-Day,,,,,,,,,,
as at 15/10/2021,,,,,,,,,,
,,,,,,,,,,
,1Mon,1Tue,1Wed,1Thu,1Fri,2Mon,2Tue,2Wed,2Thu,2Fri
1,11t/Re4 ,8a/Re4 ,11t/Re4 ,,Pastoral P ,,11t/Re4 ,9b/Re4 ,10s/Re3 ,Pastoral P 
,G14 RE ,G14 RE ,G14 RE ,,G11 English ,,G14 RE ,G14 RE ,G14 RE ,G11 English 
2,10m/Re2 ,7b/Re4 ,8a/Re4 ,10s/Re3 ,10m/Re2 ,7b/Re4 ,8b/Re3 ,13A/Th1 ,8a/Re4 ,9a/Re4 
,G14 RE ,G14 RE ,G14 RE ,G14 RE ,G14 RE ,G14 RE ,G20 Music ,G14 RE ,G14 RE ,G14 RE 
3,,13R/Re5 ,,13A/Th1 ,13A/Th1 ,,13R/Re5 ,10m/Re2 ,,7b/Re4 
,,G14 RE ,,G14 RE ,G14 RE ,,G14 RE ,G14 RE ,,G14 RE 
4,8a/Re5 ,13A/Th1 ,10s/Re3 ,8a/Re4 ,9b/Re4 ,9a/Re4 ,13A/Th1 ,,,11t/Re4 
,F11 Maths ,G14 RE ,G14 RE ,G14 RE ,G14 RE ,G14 RE ,G14 RE ,,,G14 RE 
5,10s/Re3 ,,10m/Re2 ,,8b/Re3 ,,,10s/Re3 ,11t/Re4 ,10m/Re2 
,G14 RE ,,G14 RE ,,G14 RE ,,,G14 RE ,G14 RE ,G14 RE 
6,,,,,,,,,,
,,,,,,,,,,
,,,,,,,,,,
,,,,,,,,,,
,,,,,,,,,,
,,,,,,,,,,
,,,,,,,,,,
Timetable - Miss Libby Fawcett,,,,,,,,,,
as at 15/10/2021,,,,,,,,,,
,,,,,,,,,,
,1Mon,1Tue,1Wed,1Thu,1Fri,2Mon,2Tue,2Wed,2Thu,2Fri
1,12B/Sc1 ,,,,,11A/Bi1 ,P6 ,11m/Sc1 ,,
,F25 Science ,,,,,F25 Science ,,F14 History ,,
2,,8b/Sc4 ,12B/So1 ,9a/Sc3 ,,8b/Sc4 ,7a/Sc2 ,12B/So1 ,,
,,F25 Science ,F22 Business ,F32 Science ,,F25 Science ,F25 Science ,F22 Business ,,
3,9b/Sc3 ,9a/Sc3 ,11m/Sc1 ,12B/So1 ,9a/Sc5 ,12B/So1 ,7b/Sc3 ,,9a/Sc5 ,11A/Bi1 
,F13 Science ,F25 Science ,F26 Science ,F22 Business ,F25 Science ,F22 Business ,F13 Science ,,F25 Science ,G26 Product Design 
4,,12B/So1 ,11A/Bi1 ,9b/Sc3 ,10t/Sc1 ,,11A/Bi1 ,11A/Bi1 ,,10t/Sc1 
,,F22 Business ,F01 Art ,F25 Science ,F25 Science ,,F02 Art ,F31 Science ,,F25 Science 
5,,,,7b/Sc3 ,10t/Sc1 ,12B/Sc1 ,,,7a/Sc2 ,11m/Sc1 
,,,,F25 Science ,F25 Science ,G24 English ,,,F25 Science ,F25 Science 
6,,,,,,,12B/Sc1 ,,,
,,,,,,,F25 Science ,,,
,,,,,,,,,,
,,,,,,,,,,
,,,,,,,,,,
,,,,,,,,,,
,,,,,,,,,,
Timetable - Miss Leanne Gleadow,,,,,,,,,,
as at 15/10/2021,,,,,,,,,,
,,,,,,,,,,
,1Mon,1Tue,1Wed,1Thu,1Fri,2Mon,2Tue,2Wed,2Thu,2Fri
1,8a/Pe1 ,12D/Sr1 ,13D/Sr1 ,13D/Sr1 ,Pastoral P ,8b/Pe4 ,8a/Pe1 ,10tm/Pe1 ,8a/Pe1 ,Pastoral P 
,,G23 Geography ,F10 Maths ,G21 Geography ,F14 History ,,,,,F14 History 
2,,11tm/Pe1 ,10tm/Pe1 ,8b/Pe4 ,8a/Pe1 ,,10s/Pe3 ,11tm/Pe1 ,,10A/Vs1 
,,,,,,,,,,F23 Health 
3,10A/Vs1 ,,,11B/Pg1 ,8b/Pe4 ,,11B/Pg1 ,9a/Pe2 ,12D/Sr1 ,
,F22 Business ,,,F00 Art ,,,G24 English ,,S04 MFL ,
4,9a/Pe2 ,,13P/Pe3 ,9a/Pe2 ,,,,12P/Pe3 ,11B/Pg1 ,13D/Sr1 
,,,,,,,,,G22 Geography ,G29 Design Technology 
5,,11s/Pe1 ,13P/Pe3 ,10A/Vs1 ,10s/Pe3 ,9a/Pe2 ,11s/Pe1 ,12P/Pe3 ,8b/Pe4 ,12D/Sr1 
,,,,G05 English ,,,,,,F08 Maths 
6,,,,,,,,,,
,,,,,,,,,,
,,,,,,,,,,
,,,,,,,,,,
,,,,,,,,,,
,,,,,,,,,,
,,,,,,,,,,
Timetable - Mr Lee Holmes,,,,,,,,,,
as at 15/10/2021,,,,,,,,,,
,,,,,,,,,,
,1Mon,1Tue,1Wed,1Thu,1Fri,2Mon,2Tue,2Wed,2Thu,2Fri
1,9aB/Bs1 ,9aC/Bs1 ,13D/Vb1 ,10C/Vb1 ,Pastoral P ,11A/Vb1 ,13D/Vb1 ,12A/Bn1 ,,Pastoral P 
,F21 Computing ,F21 Computing ,F21 Computing ,F21 Computing ,F19 Computing ,F21 Computing ,F21 Computing ,F21 Computing ,,F19 Computing 
2,,13D/Vb1 ,13A/Bn1 ,,12A/Bn1 ,12D/Vb1 ,12D/Vb1 ,13A/Bn1 ,12C/Vi1 ,12A/Bn1 
,,F21 Computing ,F21 Computing ,,F21 Computing ,F21 Computing ,F21 Computing ,F21 Computing ,F21 Computing ,F21 Computing 
3,,11A/Vb1 ,,13A/Bn1 ,13A/Bn1 ,,11B/Vb1 ,13D/Vb1 ,10C/Vb1 ,11A/Vb1 
,,F21 Computing ,,F21 Computing ,F21 Computing ,,F21 Computing ,F21 Computing ,F21 Computing ,F21 Computing 
4,10C/Vb1 ,13A/Bn1 ,P6 ,,13D/Vb1 ,,13A/Bn1 ,11A/Vb1 ,11B/Vb1 ,12C/Vi1 
,F21 Computing ,F21 Computing ,,,F21 Computing ,,F21 Computing ,F21 Computing ,F21 Computing ,F21 Computing 
5,13D/Vb1 ,10C/Vb1 ,11A/Vb1 ,,12D/Vb1 ,,10C/Vb1 ,,13A/Bn1 ,
,F21 Computing ,F21 Computing ,F21 Computing ,,F21 Computing ,,F21 Computing ,,F21 Computing ,
6,,,13D/Vb1 ,,,,,,,
,,,F21 Computing ,,,,,,,
,,,,,,,,,,
,,,,,,,,,,
,,,,,,,,,,
,,,,,,,,,,
,,,,,,,,,,
Timetable - Miss Lucy Hornsby,,,,,,,,,,
as at 15/10/2021,,,,,,,,,,
,,,,,,,,,,
,1Mon,1Tue,1Wed,1Thu,1Fri,2Mon,2Tue,2Wed,2Thu,2Fri
1,9b/En1 ,8b/En5 ,10s/Li2 ,11t/Li3 ,Pastoral P ,10s/Li2 ,,9b/En1 ,,Pastoral P 
,G09 English ,G09 English ,G09 English ,G09 English ,F05 Maths ,G09 English ,,G09 English ,,F05 Maths 
2,10s/Li2 ,,11t/En3 ,12D/Li1 ,8b/En5 ,12D/Li1 ,7b/En4 ,10s/Li2 ,,7b/En4 
,G09 English ,,G09 English ,G09 English ,G09 English ,G09 English ,G09 English ,G09 English ,,G09 English 
3,11t/Li3 ,12D/Li1 ,,10t/En3 ,,10t/En3 ,,11t/En3 ,11t/Li3 ,
,G09 English ,G09 English ,,G09 English ,,G09 English ,,G09 English ,G09 English ,
4,11t/En3 ,9b/En1 ,11t/Li3 ,8b/En5 ,9b/En1 ,,9b/En1 ,10t/En3 ,8b/En5 ,7b/En4 
,G09 English ,G09 English ,G09 English ,G09 English ,G09 English ,,G09 English ,G09 English ,G09 English ,G09 English 
5,,7b/En4 ,10t/En3 ,,12D/Li1 ,11t/En3 ,9b/En1 ,11t/Li3 ,10s/Li2 ,8b/En5 
,,G09 English ,G09 English ,,G09 English ,G09 English ,G09 English ,G09 English ,G09 English ,G09 English 
6,,,,,,,,,,
,,,,,,,,,,
,,,,,,,,,,
,,,,,,,,,,
,,,,,,,,,,
,,,,,,,,,,
,,,,,,,,,,
Timetable - Miss Laura Mullan,,,,,,,,,,
as at 15/10/2021,,,,,,,,,,
,,,,,,,,,,
,1Mon,1Tue,1Wed,1Thu,1Fri,2Mon,2Tue,2Wed,2Thu,2Fri
1,10B/Fr2 ,9bB/Sp1 ,,10C/Fr1 ,Pastoral P ,9bB/Sp1 ,,12A/Sp1 ,13A/Sp1 ,Pastoral P 
,S07 MFL ,F10 Maths ,,S01 MFL ,F23 Health ,S07 MFL ,,S07 MFL ,S07 MFL ,F23 Health 
2,12A/Sp1 ,,13A/Sp1 ,,12A/Sp1 ,,,13A/Sp1 ,10B/Fr2 ,7b/Fr2 
,S03 MFL ,,S07 MFL ,,S03 MFL ,,,S07 MFL ,S07 MFL ,S07 MFL 
3,,,12A/Sp1 ,11B/Fr1 ,9bB/Sp1 ,11B/Fr1 ,11B/Fr1 ,13A/Sp1 ,10C/Fr1 ,9bB/Sp1 
,,,S07 MFL ,S07 MFL ,S07 MFL ,S07 MFL ,S07 MFL ,S03 MFL ,S07 MFL ,S07 MFL 
4,10C/Fr1 ,10B/Fr2 ,,10B/Fr2 ,,,13A/Sp1 ,,11B/Fr1 ,7b/Fr2 
,S07 MFL ,S07 MFL ,,S07 MFL ,,,S07 MFL ,,S07 MFL ,S07 MFL 
5,11B/Fr1 ,10C/Fr1 ,,,7a/Sp4 ,10B/Fr2 ,10C/Fr1 ,,7b/Fr2 ,7a/Sp4 
,S07 MFL ,S07 MFL ,,,G17 Music ,S07 MFL ,S07 MFL ,,S07 MFL ,S07 MFL 
6,,,,,,,12A/Sp1 ,,,
,,,,,,,S07 MFL ,,,
,,,,,,,,,,
,,,,,,,,,,
,,,,,,,,,,
,,,,,,,,,,
,,,,,,,,,,
Timetable - Mrs Lauren Race,,,,,,,,,,
as at 15/10/2021,,,,,,,,,,
,,,,,,,,,,
,1Mon,1Tue,1Wed,1Thu,1Fri,2Mon,2Tue,2Wed,2Thu,2Fri
1,11t/Re3 ,Blanking Code ,Blanking Code ,9a/Re4 ,Blanking Code ,Blanking Code ,11t/Re3 ,Blanking Code ,10s/Re1 ,Blanking Code 
,G12 RE ,,,G14 RE ,,,G12 RE ,,G17 Music ,
2,,Blanking Code ,Blanking Code ,10s/Re1 ,Blanking Code ,Blanking Code ,11s/Re3 ,Blanking Code ,7b/Re3 ,Blanking Code 
,,,,G17 Music ,,,G12 RE ,,G09 English ,
3,,Blanking Code ,Blanking Code ,7a/Re1 ,Blanking Code ,Blanking Code ,,Blanking Code ,7a/Re1 ,Blanking Code 
,,,,G20 Music ,,,,,G12 RE ,
4,12R/Re5 ,Blanking Code ,Blanking Code ,7b/Re3 ,Blanking Code ,Blanking Code ,7a/Re1 ,Blanking Code ,12R/Re5 ,Blanking Code 
,G14 RE ,,,G20 Music ,,,G12 RE ,,G12 RE ,
5,10s/Re1 ,Blanking Code ,Blanking Code ,11s/Re3 ,Blanking Code ,Blanking Code ,9a/Re4 ,Blanking Code ,11t/Re3 ,Blanking Code 
,G09 English ,,,G12 RE ,,,G14 RE ,,G12 RE ,
6,,Blanking Code ,Blanking Code ,,Blanking Code ,Blanking Code ,,Blanking Code ,,Blanking Code 
,,,,,,,,,,
,,,,,,,,,,
,,,,,,,,,,
,,,,,,,,,,
,,,,,,,,,,
,,,,,,,,,,
Timetable - Mrs Louise Roberts,,,,,,,,,,
as at 15/10/2021,,,,,,,,,,
,,,,,,,,,,
,1Mon,1Tue,1Wed,1Thu,1Fri,2Mon,2Tue,2Wed,2Thu,2Fri
1,9aB/Hi1 ,8b/Hi3 ,Blanking Code ,,Blanking Code ,,,Blanking Code ,Blanking Code ,
,F14 History ,F14 History ,,,,,,,,
2,8a/Re1 ,7b/Hi1 ,Blanking Code ,7b/Hi1 ,Blanking Code ,10A/Hi2 ,9aD/Hi2 ,Blanking Code ,Blanking Code ,10A/Hi2 
,F14 History ,F14 History ,,F14 History ,,F14 History ,F14 History ,,,F14 History 
3,10A/Hi2 ,8a/Hi3 ,Blanking Code ,9aB/Hi1 ,Blanking Code ,9aB/Hi1 ,9aB/Hi1 ,Blanking Code ,Blanking Code ,7b/Hi1 
,F14 History ,F14 History ,,F14 History ,,F14 History ,F14 History ,,,F14 History 
4,8a/Hi3 ,9aD/Hi2 ,Blanking Code ,8a/Hi2 ,Blanking Code ,8a/Hi3 ,10A/Hi2 ,Blanking Code ,Blanking Code ,7a/Hi2 
,F14 History ,F14 History ,,F14 History ,,F14 History ,F14 History ,,,F14 History 
5,7a/Hi2 ,,Blanking Code ,10A/Hi2 ,Blanking Code ,7a/Hi2 ,8a/Hi2 ,Blanking Code ,Blanking Code ,8a/Hi2 
,F14 History ,,,F14 History ,,F14 History ,F14 History ,,,F14 History 
6,,,Blanking Code ,,Blanking Code ,,,Blanking Code ,Blanking Code ,
,,,,,,,,,,
,,,,,,,,,,
,,,,,,,,,,
,,,,,,,,,,
,,,,,,,,,,
,,,,,,,,,,
Timetable - Miss Laura Scott,,,,,,,,,,
as at 15/10/2021,,,,,,,,,,
,,,,,,,,,,
,1Mon,1Tue,1Wed,1Thu,1Fri,2Mon,2Tue,2Wed,2Thu,2Fri
1,11s/En3 ,13C/Fl1 ,10s/Li1 ,9a/En1 ,Pastoral P ,10s/Li1 ,7a/En3 ,9b/En3 ,9a/En4 ,Pastoral P 
,G04 English ,F09 Maths ,G04 English ,G04 English ,G15 RE ,G04 English ,G07 English ,G04 English ,G04 English ,G15 RE 
2,10s/Li1 ,7a/En3 ,,9b/En3 ,9a/En4 ,13C/Fl1 ,13C/Fl1 ,10s/Li1 ,11s/En3 ,
,G04 English ,G04 English ,,G04 English ,G04 English ,G04 English ,G14 RE ,G04 English ,G04 English ,
3,9a/En1 ,,8b/En3 ,9b/En3 ,,8b/En3 ,,9b/En3 ,13C/Fl1 ,
,G04 English ,,G04 English ,G04 English ,,G04 English ,,G04 English ,G03 English ,
4,7a/En3 ,7a/En3 ,9a/En4 ,11s/En3 ,9b/En3 ,7a/En3 ,9b/En3 ,,8b/En3 ,
,G04 English ,G04 English ,G04 English ,G04 English ,G04 English ,G04 English ,G04 English ,,G04 English ,
5,8b/En3 ,9a/En4 ,8b/En3 ,P6 ,7a/En3 ,11s/En3 ,9b/En3 ,9a/En4 ,10s/Li1 ,9a/En4 
,G04 English ,G04 English ,G04 English ,,G04 English ,G04 English ,G04 English ,G04 English ,G04 English ,G04 English 
6,,,,13C/Fl1 ,,,,,,
,,,,G03 English ,,,,,,
,,,,,,,,,,
,,,,,,,,,,
,,,,,,,,,,
,,,,,,,,,,
,,,,,,,,,,
Timetable - Mr Michael Donnelly,,,,,,,,,,
as at 15/10/2021,,,,,,,,,,
,,,,,,,,,,
,1Mon,1Tue,1Wed,1Thu,1Fri,2Mon,2Tue,2Wed,2Thu,2Fri
1,11t/Re1 ,8a/Re3 ,11t/Re1 ,9a/Re5 ,,,11t/Re1 ,,10s/Re2 ,
,G16 RE ,G17 Music ,G16 RE ,G12 RE ,,,G16 RE ,,G20 Music ,
2,,10t/Re4 ,8a/Re3 ,10s/Re2 ,9a/Re5 ,,8b/Re1 ,,7b/Re2 ,9a/Re5 
,,G12 RE ,G12 RE ,G22 Geography ,G12 RE ,,G16 RE ,,G20 Music ,G16 RE 
3,,13R/Re2 ,8b/Re1 ,,10t/Re4 ,8b/Re1 ,13R/Re2 ,,,7b/Re2 
,,G12 RE ,G12 RE ,,G12 RE ,G12 RE ,S01 MFL ,,,G13 RE 
4,12R/Re3 ,8b/Re1 ,10s/Re2 ,,,,,,12R/Re3 ,11t/Re1 
,G12 RE ,G12 RE ,G20 Music ,,,,,,G20 Music ,G16 RE 
5,10s/Re2 ,,8a/Re3 ,,7b/Re2 ,,8a/Re3 ,10s/Re2 ,11t/Re1 ,9a/Re5 
,G12 RE ,,G15 RE ,,G13 RE ,,G12 RE ,G20 Music ,G16 RE ,G12 RE 
6,,,,,,,,,,
,,,,,,,,,,
,,,,,,,,,,
,,,,,,,,,,
,,,,,,,,,,
,,,,,,,,,,
,,,,,,,,,,
Timetable - Mrs Marie Douglass,,,,,,,,,,
as at 15/10/2021,,,,,,,,,,
,,,,,,,,,,
,1Mon,1Tue,1Wed,1Thu,1Fri,2Mon,2Tue,2Wed,2Thu,2Fri
1,10B/Dt1 ,13C/Dt1 ,,9bC/Dt ,Pastoral P ,,7a/Dt1 ,9aC/Dt1 ,9bA/Dt ,Pastoral P 
,G27 Textiles ,G27 Textiles ,,G27 Textiles ,F08 Maths ,,G27 Textiles ,G27 Textiles ,G27 Textiles ,F08 Maths 
2,11C/Dt2 ,9E/Dt1 ,8a/Dt5 ,11C/Dt2 ,11C/Dt2 ,13C/Dt1 ,8b/Dt2 ,P6 ,8a/Dt1 ,9bC/Dt 
,G27 Textiles ,G27 Textiles ,G27 Textiles ,G27 Textiles ,G27 Textiles ,G27 Textiles ,G27 Textiles ,,G27 Textiles ,G27 Textiles 
3,13C/Dt1 ,8a/Dt2 ,7b/Dt4 ,,8a/Dt4 ,13C/Dt1 ,7a/Dt4 ,COVER ,7b/Dt1 ,
,G27 Textiles ,G27 Textiles ,G27 Textiles ,,G27 Textiles ,G27 Textiles ,G30 Food ,,G27 Textiles ,
4,9bA/Dt ,10B/Dt1 ,,,9aA/Dt1 ,11C/Dt2 ,,,9aC/Dt1 ,9aA/Dt1 
,G27 Textiles ,G27 Textiles ,,,G27 Textiles ,G27 Textiles ,,,G27 Textiles ,G27 Textiles 
5,,,,13C/Dt1 ,13C/Dt1 ,,8b/Dt1 ,7a/Dt5 ,9E/Dt1 ,13C/Dt1 
,,,,G27 Textiles ,G26 Product Design ,,G29 Design Technology ,G27 Textiles ,G27 Textiles ,G27 Textiles 
6,,,,13C/Dt1 ,,,,,,
,,,,G26 Product Design ,,,,,,
,,,,,,,,,,
,,,,,,,,,,
,,,,,,,,,,
,,,,,,,,,,
,,,,,,,,,,
Timetable - Miss Milly Gullon,,,,,,,,,,
as at 15/10/2021,,,,,,,,,,
,,,,,,,,,,
,1Mon,1Tue,1Wed,1Thu,1Fri,2Mon,2Tue,2Wed,2Thu,2Fri
1,,9bB/Bs1 ,8a/Ss2 ,8b/Ss2 ,Pastoral P ,9bB/Bs1 ,7b/Ss1 ,9aC/Bs1 ,10t/Sc3 ,Pastoral P 
,,F19 Computing ,F13 Science ,F27 Science ,G07 English ,G14 RE ,F17 History ,F19 Computing ,F13 Science ,G07 English 
2,8b/Ss4 ,9E/Bs1 ,9E/Bs1 ,7b/Ss2 ,9bD/Bs1 ,11t/Sc4 ,11t/Sc4 ,,8b/Ss2 ,
,F24 Geography ,G07 English ,F19 Computing ,F13 Science ,F19 Computing ,G30 Food ,F29 Science ,,F13 Science ,
3,10A/Vb1 ,,10m/Sc2 ,9aB/Bs1 ,10s/Sc3 ,7a/Ss2 ,8b/Ss1 ,7a/Ss2 ,,8a/Ss1 
,F21 Computing ,,G22 Geography ,G03 English ,F30 Science ,F26 Science ,F30 Science ,F13 Science ,,S02 MFL 
4,7b/Ss1 ,8a/Ss2 ,,7a/Ss3 ,10t/Sc3 ,10s/Sc3 ,11t/Sc4 ,7b/Ss2 ,10s/Sc3 ,7a/Ss3 
,F31 Science ,F13 Science ,,F20 Computing ,F26 Science ,F29 Science ,G25 Drama ,F30 Science ,F26 Science ,G17 Music 
5,8a/Ss1 ,8b/Ss1 ,,10A/Vb1 ,10t/Sc3 ,8b/Ss4 ,,10m/Sc2 ,10m/Sc2 ,9bD/Bs1 
,F26 Science ,F12 Maths ,,F21 Computing ,F26 Science ,G15 RE ,,F30 Science ,F03 Science ,G23 Geography 
6,,,,,,,,,,
,,,,,,,,,,
,,,,,,,,,,
,,,,,,,,,,
,,,,,,,,,,
,,,,,,,,,,
,,,,,,,,,,
Timetable - Mrs Mary Shields,,,,,,,,,,
as at 15/10/2021,,,,,,,,,,
,,,,,,,,,,
,1Mon,1Tue,1Wed,1Thu,1Fri,2Mon,2Tue,2Wed,2Thu,2Fri
1,13A/Bn1 ,Blanking Code ,,13D/Vb1 ,Blanking Code ,,Blanking Code ,Blanking Code ,12A/Bn1 ,
,F19 Computing ,,,G26 Product Design ,,,,,F19 Computing ,
2,12A/Bn1 ,Blanking Code ,,12D/Vb1 ,Blanking Code ,10A/Vb1 ,Blanking Code ,Blanking Code ,13D/Vb1 ,10A/Vb1 
,G29 Design Technology ,,,F19 Computing ,,G28 Computing ,,,F19 Computing ,F20 Computing 
3,12D/Vb1 ,Blanking Code ,12A/Bn1 ,11B/Vb1 ,Blanking Code ,11B/Vb1 ,Blanking Code ,Blanking Code ,12D/Vb1 ,13A/Bn1 
,F19 Computing ,,F19 Computing ,G28 Computing ,,G29 Design Technology ,,,S03 MFL ,F19 Computing 
4,,Blanking Code ,12D/Vb1 ,12A/Bn1 ,Blanking Code ,12A/Bn1 ,10A/Vb1 ,Blanking Code ,Blanking Code ,13D/Vb1 
,,,F19 Computing ,F19 Computing ,,G29 Design Technology ,G28 Computing ,,,F19 Computing 
5,11B/Vb1 ,Blanking Code ,12D/Vb1 ,,Blanking Code ,13A/Bn1 ,12A/Bn1 ,Blanking Code ,Blanking Code ,12D/Vb1 
,G28 Computing ,,F19 Computing ,,,F19 Computing ,S03 MFL ,,,F19 Computing 
6,,Blanking Code ,,,Blanking Code ,,,Blanking Code ,Blanking Code ,
,,,,,,,,,,
,,,,,,,,,,
,,,,,,,,,,
,,,,,,,,,,
,,,,,,,,,,
,,,,,,,,,,
Timetable - Dr Mark Wood,,,,,,,,,,
as at 15/10/2021,,,,,,,,,,
,,,,,,,,,,
,1Mon,1Tue,1Wed,1Thu,1Fri,2Mon,2Tue,2Wed,2Thu,2Fri
1,12B/Ph1 ,,11m/Sc1 ,,Pastoral P ,,,13B/Ph1 ,,Pastoral P 
,F32 Science ,,F03 Science ,,F28 Science ,,,F11 Maths ,,F28 Science 
2,13B/Ph1 ,11A/Ph1 ,12B/Ph1 ,,12A/Ph1 ,11t/Sc3 ,,7b/Sc4 ,,13B/Ph1 
,F03 Science ,F32 Science ,F03 Science ,,F32 Science ,F32 Science ,,F32 Science ,,F32 Science 
3,11A/Ph1 ,,13B/Ph1 ,12B/Ph1 ,7a/Sc3 ,7b/Sc3 ,,11A/Ph1 ,11A/Ph1 ,10t/Sc4 
,F03 Science ,,F03 Science ,F32 Science ,F32 Science ,F32 Science ,,F32 Science ,F17 History ,F32 Science 
4,11m/Sc1 ,12B/Ph1 ,9b/Sc1 ,12A/Ph1 ,7b/Sc3 ,12A/Ph1 ,11t/Sc3 ,9a/Sc1 ,13B/Ph1 ,10t/Sc4 
,F29 Science ,F03 Science ,S07 MFL ,F32 Science ,G28 Computing ,F30 Science ,F32 Science ,F32 Science ,F32 Science ,F32 Science 
5,9a/Sc1 ,12A/Ph1 ,11A/Ph1 ,7a/Sc3 ,10t/Sc4 ,9b/Sc1 ,12A/Ph1 ,11m/Sc1 ,12B/Ph1 ,11t/Sc3 
,F29 Science ,F03 Science ,F32 Science ,F32 Science ,F32 Science ,F29 Science ,F32 Science ,F32 Science ,F32 Science ,F32 Science 
6,,,,,,,,,,
,,,,,,,,,,
,,,,,,,,,,
,,,,,,,,,,
,,,,,,,,,,
,,,,,,,,,,
,,,,,,,,,,
Timetable - Ms Mary Woodley,,,,,,,,,,
as at 15/10/2021,,,,,,,,,,
,,,,,,,,,,
,1Mon,1Tue,1Wed,1Thu,1Fri,2Mon,2Tue,2Wed,2Thu,2Fri
1,Blanking Code ,8a/En1 ,10t/Li1 ,Blanking Code ,Blanking Code ,7b/En5 ,COVER ,8a/En1 ,Blanking Code ,Blanking Code 
,,G11 English ,G05 English ,,,G24 English ,,G05 English ,,
2,Blanking Code ,,11t/En1 ,Blanking Code ,Blanking Code ,,10t/Li1 ,10t/Li1 ,Blanking Code ,Blanking Code 
,,,G05 English ,,,,F03 Science ,G05 English ,,
3,Blanking Code ,10t/Li1 ,7b/En5 ,Blanking Code ,Blanking Code ,,,11t/En1 ,Blanking Code ,Blanking Code 
,,G11 English ,G05 English ,,,,,G05 English ,,
4,11t/En1 ,9b/En5 ,9a/En5 ,Blanking Code ,Blanking Code ,10t/Li1 ,Blanking Code ,8a/En1 ,Blanking Code ,Blanking Code 
,F07 Maths ,G11 English ,G05 English ,,,F12 Maths ,,G05 English ,,
5,7b/En5 ,7b/En5 ,8a/En1 ,Blanking Code ,Blanking Code ,11t/En1 ,Blanking Code ,9b/En5 ,Blanking Code ,Blanking Code 
,G08 English ,G11 English ,G05 English ,,,G10 English ,,G05 English ,,
6,,,,Blanking Code ,Blanking Code ,,Blanking Code ,,Blanking Code ,Blanking Code 
,,,,,,,,,,
,,,,,,,,,,
,,,,,,,,,,
,,,,,,,,,,
,,,,,,,,,,
,,,,,,,,,,
Timetable - Miss Natalie Baker,,,,,,,,,,
as at 15/10/2021,,,,,,,,,,
,,,,,,,,,,
,1Mon,1Tue,1Wed,1Thu,1Fri,2Mon,2Tue,2Wed,2Thu,2Fri
1,10B/Ch1 ,Blanking Code ,12C/Ch1 ,12C/Ch1 ,Blanking Code ,9a/Sc3 ,12C/Ch1 ,10B/Ch1 ,,Blanking Code 
,F20 Computing ,,F26 Science ,F26 Science ,,F26 Science ,G09 English ,F26 Science ,,
2,,Blanking Code ,12B/Ch1 ,,Blanking Code ,11t/Sc2 ,,12B/Ch1 ,,Blanking Code 
,,,F26 Science ,,,F26 Science ,,F26 Science ,,
3,8a/Sc2 ,Blanking Code ,,12B/Ch1 ,Blanking Code ,,12C/Ch1 ,11s/Sc2 ,11s/Sc2 ,Blanking Code 
,G28 Computing ,,,F26 Science ,,,G09 English ,F26 Science ,F26 Science ,
4,,Blanking Code ,11s/Sc2 ,10B/Ch1 ,Blanking Code ,10B/Ch1 ,11t/Sc2 ,,,Blanking Code 
,,,F26 Science ,F26 Science ,,F26 Science ,F26 Science ,,,
5,12C/Ch1 ,Blanking Code ,9a/Sc3 ,11t/Sc2 ,Blanking Code ,10B/Ch1 ,,8a/Sc2 ,12B/Ch1 ,Blanking Code 
,F13 Science ,,F26 Science ,F13 Science ,,F26 Science ,,F31 Science ,F26 Science ,
6,,Blanking Code ,,,Blanking Code ,,12B/Ch1 ,,,Blanking Code 
,,,,,,,F26 Science ,,,
,,,,,,,,,,
,,,,,,,,,,
,,,,,,,,,,
,,,,,,,,,,
,,,,,,,,,,
Timetable - Mr Neil Maughan,,,,,,,,,,
as at 15/10/2021,,,,,,,,,,
,,,,,,,,,,
,1Mon,1Tue,1Wed,1Thu,1Fri,2Mon,2Tue,2Wed,2Thu,2Fri
1,,7a/Pe4 ,7b/Pe4 ,7a/Pe4 ,,8b/Pe2 ,13D/Sr1 ,10tm/Pe3 ,,
,,,,,,,G17 Music ,,,
2,9b/Pe2 ,11tm/Pe3 ,10tm/Pe3 ,8b/Pe2 ,,10A/Pg1 ,12D/Sr1 ,11tm/Pe3 ,7a/Pe4 ,10A/Pg1 
,,,,,,G15 RE ,G30 Food ,,,Lib 
3,10A/Pg1 ,7b/Pe4 ,9b/Pe2 ,,8b/Pe2 ,,,13D/Sr1 ,9b/Pe2 ,7a/Pe4 
,G29 Design Technology ,,,,,,,F02 Art ,,
4,,,12D/Sr1 ,,,7b/Pe4 ,,12P/Pe4 ,,9b/Pe2 
,,,F21 Computing ,,,,,,,
5,13D/Sr1 ,11s/Pe3 ,13P/Pe2 ,13D/Sr1 ,12D/Sr1 ,,11s/Pe3 ,12P/Pe4 ,8b/Pe2 ,7b/Pe4 
,G20 Music ,,,G24 English ,S03 MFL ,,,,,
6,,,,,,,,,,
,,,,,,,,,,
,,,,,,,,,,
,,,,,,,,,,
,,,,,,,,,,
,,,,,,,,,,
,,,,,,,,,,
Timetable - Mrs Nicola Stewart,,,,,,,,,,
as at 15/10/2021,,,,,,,,,,
,,,,,,,,,,
,1Mon,1Tue,1Wed,1Thu,1Fri,2Mon,2Tue,2Wed,2Thu,2Fri
1,,10t/Sc4 ,Blanking Code ,10C/Bi1 ,Blanking Code ,13B/Sc1 ,10m/Sc1 ,Blanking Code ,10t/Sc4 ,Blanking Code 
,,F28 Science ,,F28 Science ,,F13 Science ,F28 Science ,,F28 Science ,
2,10t/Sc4 ,10m/Sc1 ,Blanking Code ,10m/Sc1 ,Blanking Code ,9b/Sc3 ,11t/Sc3 ,Blanking Code ,,Blanking Code 
,F04 Maths ,G06 English ,,F28 Science ,,F13 Science ,F28 Science ,,,
3,11s/Sc3 ,,Blanking Code ,12B/Sc1 ,Blanking Code ,12B/Sc1 ,9b/Sc3 ,Blanking Code ,11s/Sc3 ,Blanking Code 
,F26 Science ,,,G24 English ,,F03 Science ,F28 Science ,,F13 Science ,
4,10C/Bi1 ,11t/Sc3 ,Blanking Code ,13B/Sc1 ,Blanking Code ,10C/Bi1 ,11s/Sc3 ,Blanking Code ,10C/Bi1 ,Blanking Code 
,F26 Science ,F28 Science ,,F31 Science ,,F22 Business ,F13 Science ,,F28 Science ,
5,,13B/Sc1 ,Blanking Code ,11t/Sc3 ,Blanking Code ,,10C/Bi1 ,Blanking Code ,12B/Sc1 ,Blanking Code 
,,F25 Science ,,F28 Science ,,,F25 Science ,,F28 Science ,
6,,,Blanking Code ,,Blanking Code ,,,Blanking Code ,,Blanking Code 
,,,,,,,,,,
,,,,,,,,,,
,,,,,,,,,,
,,,,,,,,,,
,,,,,,,,,,
,,,,,,,,,,
Timetable - Mr Oliver Mack,,,,,,,,,,
as at 15/10/2021,,,,,,,,,,
,,,,,,,,,,
,1Mon,1Tue,1Wed,1Thu,1Fri,2Mon,2Tue,2Wed,2Thu,2Fri
1,,,8a/Ss3 ,,Pastoral P ,COVER ,9E/Mu1 ,,7b/Ma5 ,Pastoral P 
,,,F24 Geography ,,G09 English ,,G20 Music ,,F04 Maths ,G09 English 
2,8b/Ss3 ,9E/Mu1 ,7b/Mu1 ,7b/Mu4 ,7b/Ma5 ,7a/Ss4 ,,7a/Ss1 ,7b/Re1 ,10A/Mu1 
,F11 Maths ,G20 Music ,G20 Music ,G20 Music ,F14 History ,G13 RE ,,F19 Computing ,G15 RE ,G20 Music 
3,7a/Mu1 ,,7a/En4 ,,7b/Mu2 ,8a/Ss3 ,8b/Mu4 ,7a/Ss4 ,7a/Mu4 ,8a/Mu4 
,G20 Music ,,G03 English ,,G20 Music ,G20 Music ,G20 Music ,G13 RE ,G20 Music ,G20 Music 
4,7b/Mu2 ,8a/Mu4 ,7b/Ma5 ,7a/Ss1 ,7b/Ma5 ,7a/En4 ,7a/Mu4 ,7b/Mu4 ,7b/Ss3 ,7a/Mu1 
,G20 Music ,G20 Music ,F03 Science ,F21 Computing ,G11 English ,G09 English ,G20 Music ,G20 Music ,F02 Art ,G20 Music 
5,,8b/Mu4 ,7b/Re1 ,,7b/Ss3 ,8b/Ss3 ,7b/Mu1 ,,,
,,G20 Music ,G20 Music ,,F19 Computing ,G13 RE ,G20 Music ,,,
6,,,,,,,,,,
,,,,,,,,,,
,,,,,,,,,,
,,,,,,,,,,
,,,,,,,,,,
,,,,,,,,,,
,,,,,,,,,,
Timetable - Mr Patrick Boyle,,,,,,,,,,
as at 15/10/2021,,,,,,,,,,
,,,,,,,,,,
,1Mon,1Tue,1Wed,1Thu,1Fri,2Mon,2Tue,2Wed,2Thu,2Fri
1,,,11s/Ma3 ,11s/Ma3 ,,,11s/Ma3 ,,,
,,,F12 Maths ,F12 Maths ,,,F12 Maths ,,,
2,,,,10t/Ma4 ,10t/Ma4 ,9a/Ma1 ,,8b/Ma2 ,,11s/Ma3 
,,,,F04 Maths ,F04 Maths ,G07 English ,,F10 Maths ,,G30 Food 
3,8a/Ma4 ,9a/Ma1 ,8a/Ma4 ,8a/Ma4 ,11s/Ma3 ,,10t/Ma4 ,10t/Ma4 ,9a/Ma1 ,9a/Ma1 
,F04 Maths ,F22 Business ,F05 Maths ,F13 Science ,F12 Maths ,,G04 English ,F04 Maths ,F07 Maths ,F12 Maths 
4,,11s/Ma3 ,10t/Ma4 ,,8b/Ma2 ,,9a/Ma1 ,,10t/Ma4 ,
,,F12 Maths ,F07 Maths ,,G08 English ,,F09 Maths ,,F03 Science ,
5,10t/Ma4 ,8a/Ma4 ,9a/Ma1 ,9a/Ma1 ,8a/Ma4 ,8a/Ma4 ,,11s/Ma3 ,11s/Ma3 ,10t/Ma4 
,F04 Maths ,F05 Maths ,F07 Maths ,G10 English ,F17 History ,F23 Health ,,F12 Maths ,F12 Maths ,F04 Maths 
6,,,,,,,,,,
,,,,,,,,,,
,,,,,,,,,,
,,,,,,,,,,
,,,,,,,,,,
,,,,,,,,,,
,,,,,,,,,,
Timetable - Mrs Polly Cormack,,,,,,,,,,
as at 15/10/2021,,,,,,,,,,
,,,,,,,,,,
,1Mon,1Tue,1Wed,1Thu,1Fri,2Mon,2Tue,2Wed,2Thu,2Fri
1,8a/Pe2 ,7a/Pe1 ,7b/Pe1 ,7a/Pe1 ,,8b/Pe1 ,8a/Pe2 ,10tm/Pe2 ,8a/Pe2 ,COVER 
,,,,,,,,,,
2,9b/Pe1 ,11tm/Pe2 ,10tm/Pe2 ,8b/Pe1 ,8a/Pe2 ,COVER ,10s/Pe1 ,11tm/Pe2 ,7a/Pe1 ,
,,,,,,,,,,
3,,7b/Pe1 ,9b/Pe1 ,11B/Vs1 ,8b/Pe1 ,,11B/Vs1 ,9a/Pe1 ,9b/Pe1 ,7a/Pe1 
,,,,F19 Computing ,,,F18 Computing ,,,
4,9a/Pe1 ,,13P/Pe4 ,9a/Pe1 ,,7b/Pe1 ,,,,9b/Pe1 
,,,,,,,,,,
5,,11s/Pe2 ,13P/Pe4 ,,10s/Pe1 ,9a/Pe1 ,11s/Pe2 ,,8b/Pe1 ,7b/Pe1 
,,,,,,,,,,
6,,,,,,,,,,
,,,,,,,,,,
,,,,,,,,,,
,,,,,,,,,,
,,,,,,,,,,
,,,,,,,,,,
,,,,,,,,,,
Timetable - Mr Peter Holland,,,,,,,,,,
as at 15/10/2021,,,,,,,,,,
,,,,,,,,,,
,1Mon,1Tue,1Wed,1Thu,1Fri,2Mon,2Tue,2Wed,2Thu,2Fri
1,,13C/Vi1 ,13D/Cs1 ,10C/Cs1 ,,13D/Cs1 ,9E/Cs1 ,P6 ,11C/Cs1 ,
,,F20 Computing ,F20 Computing ,F20 Computing ,,F20 Computing ,F20 Computing ,,F20 Computing ,
2,11C/Cs1 ,13D/Cs1 ,9E/Cs1 ,11C/Cs1 ,11C/Cs1 ,12D/Cs1 ,13C/Vi1 ,,13D/Cs1 ,
,F20 Computing ,F20 Computing ,F20 Computing ,F20 Computing ,F20 Computing ,F20 Computing ,F11 Maths ,,F20 Computing ,
3,12D/Cs1 ,12D/Cs1 ,,11B/Vi1 ,,11B/Vi1 ,11B/Vi1 ,13D/Cs1 ,10C/Cs1 ,
,F20 Computing ,F20 Computing ,,F20 Computing ,,F20 Computing ,F20 Computing ,F20 Computing ,F20 Computing ,
4,10C/Cs1 ,,12D/Cs1 ,,13D/Cs1 ,11C/Cs1 ,,13D/Cs1 ,11B/Vi1 ,13D/Cs1 
,F20 Computing ,,F20 Computing ,,F20 Computing ,F20 Computing ,,F20 Computing ,F20 Computing ,F20 Computing 
5,11B/Vi1 ,10C/Cs1 ,P6 ,13C/Vi1 ,12D/Cs1 ,,10C/Cs1 ,13C/Vi1 ,9E/It1 ,13C/Vi1 
,F20 Computing ,F20 Computing ,,F20 Computing ,F20 Computing ,,F20 Computing ,F20 Computing ,F20 Computing ,F20 Computing 
6,,,13D/Cs1 ,,,,,13D/Cs1 ,,
,,,F20 Computing ,,,,,F20 Computing ,,
,,,,,,,,,,
,,,,,,,,,,
,,,,,,,,,,
,,,,,,,,,,
,,,,,,,,,,
Timetable - Mr Paul Richardson,,,,,,,,,,
as at 15/10/2021,,,,,,,,,,
,,,,,,,,,,
,1Mon,1Tue,1Wed,1Thu,1Fri,2Mon,2Tue,2Wed,2Thu,2Fri
1,,12C/Ts1 ,12C/Ts1 ,,,,12C/Ts1 ,,,
,,Lib ,Lib ,,,,Lib ,,,
2,12A/Ts1 ,,,,,12AB/Ts ,12D/Ts1 ,,12C/Ts1 ,12A/Ts1 
,Lib ,,,,,Lib ,Lib ,,Lib ,
3,12D/Ts1 ,12D/Ts1 ,12A/Ts1 ,12AB/Ts ,,,,,12D/Ts1 ,
,,Lib ,Lib ,Lib ,,,,,Lib ,
4,,,,,,12A/Ts1 ,12AB/Ts ,,,
,,,,,,Lib ,Lib ,,,
5,,,,12AB/Ts ,,,,,,
,,,,Lib ,,,,,,
6,,,,,,,,,,
,,,,,,,,,,
,,,,,,,,,,
,,,,,,,,,,
,,,,,,,,,,
,,,,,,,,,,
,,,,,,,,,,
Timetable - Mrs Roba Abu Hantash,,,,,,,,,,
as at 15/10/2021,,,,,,,,,,
,,,,,,,,,,
,1Mon,1Tue,1Wed,1Thu,1Fri,2Mon,2Tue,2Wed,2Thu,2Fri
1,8b/Sc5 ,,9a/Ma4 ,,,7a/Sc5 ,8b/Ma4 ,,,
,F26 Science ,,F09 Maths ,,,S05 MFL ,F09 Maths ,,,
2,7a/Ma3 ,8b/Sc5 ,7a/Ma3 ,10t/Ma3 ,10t/Ma3 ,9a/Ma4 ,7a/Ma3 ,7b/Ma1 ,,7a/Sc5 
,F09 Maths ,G28 Computing ,F09 Maths ,F09 Maths ,F09 Maths ,F09 Maths ,F09 Maths ,F09 Maths ,,F29 Science 
3,7b/Ma1 ,9a/Ma4 ,,8b/Ma4 ,9a/Ma4 ,7b/Ma1 ,10t/Ma3 ,10t/Ma3 ,8b/Ma4 ,9a/Ma4 
,F09 Maths ,F09 Maths ,,F09 Maths ,F09 Maths ,F09 Maths ,F09 Maths ,F09 Maths ,F09 Maths ,F09 Maths 
4,8b/Ma4 ,,10t/Ma3 ,,8b/Ma4 ,,8b/Sc5 ,9a/Ma4 ,10t/Ma3 ,8a/Sc3 
,F09 Maths ,,F09 Maths ,,F09 Maths ,,G10 English ,F09 Maths ,F09 Maths ,G07 English 
5,10t/Ma3 ,,7a/Ma3 ,9a/Ma4 ,8a/Sc3 ,7b/Ma1 ,7a/Ma3 ,8b/Ma4 ,7a/Ma3 ,10t/Ma3 
,F09 Maths ,,F09 Maths ,G11 English ,F31 Science ,F09 Maths ,F09 Maths ,F09 Maths ,F09 Maths ,F09 Maths 
6,,,,,,,,,,
,,,,,,,,,,
,,,,,,,,,,
,,,,,,,,,,
,,,,,,,,,,
,,,,,,,,,,
,,,,,,,,,,
Timetable - Miss Ruth Ankers,,,,,,,,,,
as at 15/10/2021,,,,,,,,,,
,,,,,,,,,,
,1Mon,1Tue,1Wed,1Thu,1Fri,2Mon,2Tue,2Wed,2Thu,2Fri
1,7a/Dr4 ,8b/Dr1 ,Blanking Code ,7b/Dr5 ,Blanking Code ,7b/Dr1 ,9E/Dr1 ,Blanking Code ,9bA/Dr1 ,Blanking Code 
,G31 Dance ,G31 Dance ,,G31 Dance ,,G31 Dance ,G31 Dance ,,G31 Dance ,
2,8a/Dr3 ,9E/Dr1 ,Blanking Code ,7a/Dr3 ,Blanking Code ,,9bA/Dr1 ,Blanking Code ,,Blanking Code 
,G31 Dance ,G31 Dance ,,G31 Dance ,,,G31 Dance ,,,
3,,,Blanking Code ,7b/Dr2 ,Blanking Code ,8b/Dr5 ,,Blanking Code ,10C/Dr1 ,Blanking Code 
,,,,G31 Dance ,,G31 Dance ,,,G31 Dance ,
4,9bA/Dr1 ,8b/Dr4 ,Blanking Code ,8b/Dr3 ,Blanking Code ,8a/Dr4 ,8a/Dr2 ,Blanking Code ,7a/Dr2 ,Blanking Code 
,G31 Dance ,G25 Drama ,,G31 Dance ,,G31 Dance ,G31 Dance ,,G25 Drama ,
5,7b/Dr3 ,10C/Dr1 ,Blanking Code ,9bA/Dr1 ,Blanking Code ,,10C/Dr1 ,Blanking Code ,7b/Dr4 ,Blanking Code 
,G31 Dance ,G31 Dance ,,G31 Dance ,,,G31 Dance ,,G31 Dance ,
6,,,Blanking Code ,,Blanking Code ,,,Blanking Code ,,Blanking Code 
,,,,,,,,,,
,,,,,,,,,,
,,,,,,,,,,
,,,,,,,,,,
,,,,,,,,,,
,,,,,,,,,,
Timetable - Mrs Rachael Blackburn,,,,,,,,,,
as at 15/10/2021,,,,,,,,,,
,,,,,,,,,,
,1Mon,1Tue,1Wed,1Thu,1Fri,2Mon,2Tue,2Wed,2Thu,2Fri
1,,11s/Re3 ,11t/Re3 ,,,,,12A/Th1 ,13A/Th1 ,
,,G12 RE ,G12 RE ,,,,,G20 Music ,G12 RE ,
2,,,13A/Th1 ,,12A/Th1 ,,,11s/Re3 ,,13B/Th1 
,,,G13 RE ,,G16 RE ,,,G12 RE ,,G12 RE 
3,,,12A/Th1 ,,,,13B/Th1 ,,,13A/Th1 
,,,G07 English ,,,,G12 RE ,,,G12 RE 
4,13B/Th1 ,,10s/Re1 ,,11s/Re3 ,12A/Th1 ,,,13B/Th1 ,11t/Re3 
,F10 Maths ,,G15 RE ,,G12 RE ,G15 RE ,,,G06 English ,G12 RE 
5,,,,,,13A/Th1 ,13B/Th1 ,10s/Re1 ,13A/Th1 ,
,,,,,,G12 RE ,S04 MFL ,G17 Music ,F15 History ,
6,,,,,,,,,,
,,,,,,,,,,
,,,,,,,,,,
,,,,,,,,,,
,,,,,,,,,,
,,,,,,,,,,
,,,,,,,,,,
Timetable - Mr Richard Cosgrove,,,,,,,,,,
as at 15/10/2021,,,,,,,,,,
,,,,,,,,,,
,1Mon,1Tue,1Wed,1Thu,1Fri,2Mon,2Tue,2Wed,2Thu,2Fri
1,8b/Gg2 ,,7a/Gg3 ,10C/Gg1 ,Pastoral P ,11A/Gg3 ,8b/Gg2 ,7b/Gg3 ,,Pastoral P 
,G23 Geography ,,G23 Geography ,G23 Geography ,F12 Maths ,G23 Geography ,G23 Geography ,G23 Geography ,,F12 Maths 
2,13B/Gg1 ,8a/Gg3 ,8b/Gg2 ,COVER ,13B/Gg1 ,7b/Gg3 ,9aD/Gg1 ,9aA/Gg2 ,9aD/Gg1 ,13B/Gg1 
,G23 Geography ,G23 Geography ,G23 Geography ,,G23 Geography ,G23 Geography ,G23 Geography ,G23 Geography ,G23 Geography ,G23 Geography 
3,8a/Gg3 ,11A/Gg3 ,9aA/Gg2 ,8a/Gg3 ,7b/Gg3 ,,,7a/Gg1 ,10C/Gg1 ,11A/Gg3 
,G23 Geography ,G23 Geography ,G23 Geography ,G23 Geography ,G23 Geography ,,,G23 Geography ,G23 Geography ,G23 Geography 
4,10C/Gg1 ,9aD/Gg1 ,7a/Gg2 ,7a/Gg2 ,9aA/Gg2 ,13B/Gg1 ,7a/Gg2 ,11A/Gg3 ,13B/Gg1 ,9aA/Gg2 
,G23 Geography ,G23 Geography ,G23 Geography ,G23 Geography ,G23 Geography ,G23 Geography ,G23 Geography ,G23 Geography ,G23 Geography ,G23 Geography 
5,7a/Gg1 ,10C/Gg1 ,11A/Gg3 ,,9aD/Gg1 ,7a/Gg1 ,10C/Gg1 ,,,
,G23 Geography ,G23 Geography ,G23 Geography ,,G23 Geography ,G23 Geography ,G23 Geography ,,,
6,,,,,,,,,,
,,,,,,,,,,
,,,,,,,,,,
,,,,,,,,,,
,,,,,,,,,,
,,,,,,,,,,
,,,,,,,,,,
Timetable - Miss Rebecca Coady,,,,,,,,,,
as at 15/10/2021,,,,,,,,,,
,,,,,,,,,,
,1Mon,1Tue,1Wed,1Thu,1Fri,2Mon,2Tue,2Wed,2Thu,2Fri
1,Blanking Code ,Blanking Code ,,,Blanking Code ,10t/Re4 ,Blanking Code ,8b/Re4 ,,Blanking Code 
,,,,,,G12 RE ,,G12 RE ,,
2,Blanking Code ,Blanking Code ,,9b/Re1 ,Blanking Code ,7b/Re2 ,Blanking Code ,,,Blanking Code 
,,,,G12 RE ,,G12 RE ,,,,
3,Blanking Code ,Blanking Code ,10t/Re4 ,9b/Re1 ,Blanking Code ,9b/Re1 ,Blanking Code ,9b/Re1 ,,Blanking Code 
,,,G20 Music ,G12 RE ,,G13 RE ,,G17 Music ,,
4,Blanking Code ,Blanking Code ,9a/Re1 ,8b/Re4 ,Blanking Code ,9a/Re1 ,Blanking Code ,8b/Re4 ,12R/Re1 ,Blanking Code 
,,,G12 RE ,G12 RE ,,G20 Music ,,G12 RE ,G14 RE ,
5,Blanking Code ,Blanking Code ,8b/Re4 ,,Blanking Code ,,Blanking Code ,9a/Re1 ,10t/Re4 ,Blanking Code 
,,,G12 RE ,,,,,G12 RE ,G21 Geography ,
6,Blanking Code ,Blanking Code ,,,Blanking Code ,,Blanking Code ,,,Blanking Code 
,,,,,,,,,,
,,,,,,,,,,
,,,,,,,,,,
,,,,,,,,,,
,,,,,,,,,,
,,,,,,,,,,
Timetable - Mrs Becky Francis,,,,,,,,,,
as at 15/10/2021,,,,,,,,,,
,,,,,,,,,,
,1Mon,1Tue,1Wed,1Thu,1Fri,2Mon,2Tue,2Wed,2Thu,2Fri
1,7b/Sc2 ,11m/Sc1 ,9a/Sc5 ,,Pastoral P ,12C/Ch1 ,10t/Sc1 ,10C/Ch1 ,10t/Sc1 ,Pastoral P 
,F27 Science ,F03 Science ,F27 Science ,,G21 Geography ,F27 Science ,F27 Science ,F03 Science ,F03 Science ,G21 Geography 
2,10t/Sc1 ,12C/Ch1 ,8b/Sc3 ,,,11m/Sc1 ,11t/Sc2 ,13A/Bi1 ,12C/Ch1 ,7a/Sc2 
,F27 Science ,F03 Science ,F27 Science ,,,F27 Science ,F27 Science ,F03 Science ,F27 Science ,F27 Science 
3,7b/Sc2 ,7a/Sc2 ,10C/Ch1 ,13A/Bi1 ,10C/Ch1 ,,8a/Sc3 ,11s/Sc1 ,11s/Sc1 ,13A/Bi1 
,F27 Science ,F27 Science ,F27 Science ,F27 Science ,F03 Science ,,F27 Science ,F27 Science ,F03 Science ,F27 Science 
4,,11t/Sc2 ,9b/Sc5 ,11m/Sc1 ,10C/Ch1 ,,11s/Sc1 ,,8a/Sc3 ,12C/Ch1 
,,F27 Science ,F27 Science ,F27 Science ,F27 Science ,,F03 Science ,,F27 Science ,F03 Science 
5,9a/Sc5 ,10C/Ch1 ,,8b/Sc3 ,9b/Sc5 ,13A/Bi1 ,,,13A/Bi1 ,11t/Sc2 
,F27 Science ,F27 Science ,,F27 Science ,F27 Science ,F03 Science ,,,F27 Science ,F03 Science 
6,,,,,,,,,,
,,,,,,,,,,
,,,,,,,,,,
,,,,,,,,,,
,,,,,,,,,,
,,,,,,,,,,
,,,,,,,,,,
Timetable - Mr Rob Gamesby,,,,,,,,,,
as at 15/10/2021,,,,,,,,,,
,,,,,,,,,,
,1Mon,1Tue,1Wed,1Thu,1Fri,2Mon,2Tue,2Wed,2Thu,2Fri
1,12B/Gg1 ,13C/Gg1 ,9bD/Gg2 ,,Pastoral P ,,9E/It1 ,13B/Gg1 ,11C/Vi1 ,Pastoral P 
,G22 Geography ,G21 Geography ,G21 Geography ,,F06 Maths ,,F19 Computing ,G21 Geography ,G22 Geography ,F06 Maths 
2,11C/Vi1 ,8a/Gg5 ,,11C/Vi1 ,9bD/Gg2 ,10A/Gg1 ,13C/Gg1 ,12B/Gg1 ,,10A/Gg1 
,F21 Computing ,G21 Geography ,,F21 Computing ,G21 Geography ,G21 Geography ,G21 Geography ,F20 Computing ,,G21 Geography 
3,10A/Gg1 ,,8a/Gg5 ,11B/Gg1 ,12B/Gg1 ,11B/Gg1 ,11B/Gg1 ,,13C/Gg1 ,12B/Gg1 
,G21 Geography ,,G21 Geography ,G21 Geography ,G21 Geography ,G21 Geography ,G21 Geography ,,G21 Geography ,F24 Geography 
4,13B/Gg1 ,12B/Gg1 ,,13B/Gg1 ,,9bD/Gg2 ,10A/Gg1 ,P6 ,11B/Gg1 ,
,G21 Geography ,G21 Geography ,,G21 Geography ,,G21 Geography ,G21 Geography ,,G21 Geography ,
5,11B/Gg1 ,13B/Gg1 ,,10A/Gg1 ,8a/Gg5 ,,13B/Gg1 ,13C/Gg1 ,,9bD/Gg2 
,G21 Geography ,G21 Geography ,,G21 Geography ,G21 Geography ,,G21 Geography ,F24 Geography ,,G21 Geography 
6,,,,,,,,13C/Gg1 ,,
,,,,,,,,G21 Geography ,,
,,,,,,,,,,
,,,,,,,,,,
,,,,,,,,,,
,,,,,,,,,,
,,,,,,,,,,
Timetable - Miss Rachel Mason,,,,,,,,,,
as at 15/10/2021,,,,,,,,,,
,,,,,,,,,,
,1Mon,1Tue,1Wed,1Thu,1Fri,2Mon,2Tue,2Wed,2Thu,2Fri
1,11s/En1 ,Blanking Code ,10s/Li4 ,11t/Li4 ,Blanking Code ,10s/Li4 ,Blanking Code ,8a/En2 ,,Blanking Code 
,G11 English ,,G11 English ,G11 English ,,G11 English ,,G11 English ,,
2,10s/Li4 ,Blanking Code ,8a/En2 ,8a/En2 ,Blanking Code ,,Blanking Code ,10s/Li4 ,11s/En1 ,Blanking Code 
,G11 English ,,G11 English ,G11 English ,,,,G11 English ,G11 English ,
3,11t/Li4 ,Blanking Code ,7a/En5 ,10t/En2 ,Blanking Code ,10t/En2 ,Blanking Code ,,11t/Li4 ,Blanking Code 
,G11 English ,,G11 English ,G11 English ,,G11 English ,,,G11 English ,
4,8a/En2 ,Blanking Code ,11t/Li4 ,11s/En1 ,Blanking Code ,8a/En2 ,Blanking Code ,10t/En2 ,7a/En5 ,Blanking Code 
,G11 English ,,G11 English ,G11 English ,,G11 English ,,G11 English ,G11 English ,
5,,Blanking Code ,10t/En2 ,,Blanking Code ,11s/En1 ,Blanking Code ,11t/Li4 ,10s/Li4 ,Blanking Code 
,,,G11 English ,,,G11 English ,,G11 English ,G11 English ,
6,,Blanking Code ,,,Blanking Code ,,Blanking Code ,,,Blanking Code 
,,,,,,,,,,
,,,,,,,,,,
,,,,,,,,,,
,,,,,,,,,,
,,,,,,,,,,
,,,,,,,,,,
Timetable - Mrs Rebecca Rundle,,,,,,,,,,
as at 15/10/2021,,,,,,,,,,
,,,,,,,,,,
,1Mon,1Tue,1Wed,1Thu,1Fri,2Mon,2Tue,2Wed,2Thu,2Fri
1,8b/Sc3 ,10t/Sc2 ,Blanking Code ,Blanking Code ,,13D/Bi1 ,13D/Bi1 ,Blanking Code ,Blanking Code ,
,F31 Science ,F25 Science ,,,,F03 Science ,F01 Art ,,,
2,7a/Sc5 ,13D/Bi1 ,Blanking Code ,Blanking Code ,7b/Sc1 ,8b/Sc3 ,,Blanking Code ,Blanking Code ,7a/Sc1 
,F31 Science ,G09 English ,,,F30 Science ,F03 Science ,,,,F31 Science 
3,11s/Sc2 ,7a/Sc1 ,Blanking Code ,Blanking Code ,10s/Sc1 ,,8a/Sc2 ,Blanking Code ,Blanking Code ,10t/Sc2 
,F31 Science ,F03 Science ,,,S06 MFL ,,F32 Science ,,,F31 Science 
4,,7b/Sc1 ,Blanking Code ,Blanking Code ,10t/Sc2 ,10s/Sc1 ,11s/Sc2 ,Blanking Code ,Blanking Code ,13D/Bi1 
,,F31 Science ,,,F13 Science ,F31 Science ,F20 Computing ,,,S03 MFL 
5,13D/Bi1 ,8a/Sc2 ,Blanking Code ,Blanking Code ,11s/Sc2 ,8a/Sc5 ,7a/Sc5 ,Blanking Code ,Blanking Code ,10s/Sc1 
,F31 Science ,F31 Science ,,,F13 Science ,F31 Science ,F31 Science ,,,F05 Maths 
6,,,Blanking Code ,Blanking Code ,,,,Blanking Code ,Blanking Code ,
,,,,,,,,,,
,,,,,,,,,,
,,,,,,,,,,
,,,,,,,,,,
,,,,,,,,,,
,,,,,,,,,,
Timetable - Mr Simon Egan,,,,,,,,,,
as at 15/10/2021,,,,,,,,,,
,,,,,,,,,,
,1Mon,1Tue,1Wed,1Thu,1Fri,2Mon,2Tue,2Wed,2Thu,2Fri
1,13A/Ec1 ,P6 ,12C/Vi1 ,12C/Vi1 ,Pastoral P ,12C/Vi1 ,12C/Vi1 ,12A/Ec1 ,12A/Ec1 ,Pastoral P 
,F22 Business ,,F19 Computing ,G28 Computing ,S07 MFL ,F19 Computing ,G28 Computing ,F22 Business ,F11 Maths ,S07 MFL 
2,12A/Ec1 ,12C/Vi1 ,13A/Ec1 ,,11C/Vi1 ,8a/Ma2 ,P6 ,13A/Ec1 ,,12A/Ec1 
,F22 Business ,F19 Computing ,F23 Health ,,F24 Geography ,F11 Maths ,,F02 Art ,,F01 Art 
3,7b/Ma4 ,,12A/Ec1 ,13A/Ec1 ,13A/Ec1 ,9aB/It1 ,7b/Ma4 ,12C/Vi1 ,10C/Vi1 ,13A/Ec1 
,F11 Maths ,,F22 Business ,F23 Health ,F22 Business ,F21 Computing ,G06 English ,F19 Computing ,F19 Computing ,F22 Business 
4,10C/Vi1 ,13A/Ec1 ,7b/Ma4 ,12A/Ec1 ,7b/Ma4 ,11C/Vi1 ,13A/Ec1 ,,8a/Ma2 ,8a/Ma2 
,F19 Computing ,F23 Health ,G10 English ,F22 Business ,F07 Maths ,F21 Computing ,F22 Business ,,F06 Maths ,F09 Maths 
5,12C/Vi1 ,12A/Ec1 ,,7b/Ma4 ,,7b/Ma4 ,12A/Ec1 ,,13A/Ec1 ,
,F19 Computing ,G14 RE ,,G16 RE ,,F11 Maths ,F22 Business ,,F22 Business ,
6,,13A/Ec1 ,,,,,12A/Ec1 ,,,
,,F22 Business ,,,,,F22 Business ,,,
,,,,,,,,,,
,,,,,,,,,,
,,,,,,,,,,
,,,,,,,,,,
,,,,,,,,,,
Timetable - Mrs Suzanne Fisher,,,,,,,,,,
as at 15/10/2021,,,,,,,,,,
,,,,,,,,,,
,1Mon,1Tue,1Wed,1Thu,1Fri,2Mon,2Tue,2Wed,2Thu,2Fri
1,Blanking Code ,,8b/Fr2 ,Blanking Code ,,Blanking Code ,,,Blanking Code ,
,,,S01 MFL ,,,,,,,
2,Blanking Code ,,13A/Fr1 ,Blanking Code ,,Blanking Code ,,13A/Fr1 ,Blanking Code ,
,,,S01 MFL ,,,,,S03 MFL ,,
3,Blanking Code ,,,Blanking Code ,,Blanking Code ,,8b/Fr2 ,Blanking Code ,13A/Fr1 
,,,,,,,,S07 MFL ,,S03 MFL 
4,Blanking Code ,13A/Fr1 ,,Blanking Code ,,Blanking Code ,13A/Fr1 ,,Blanking Code ,8b/Fr2 
,,S03 MFL ,,,,,S03 MFL ,,,S02 MFL 
5,Blanking Code ,,,Blanking Code ,,Blanking Code ,,,Blanking Code ,
,,,,,,,,,,
6,Blanking Code ,,,Blanking Code ,,Blanking Code ,,,Blanking Code ,
,,,,,,,,,,
,,,,,,,,,,
,,,,,,,,,,
,,,,,,,,,,
,,,,,,,,,,
,,,,,,,,,,
Timetable - Mrs Sara Howarth,,,,,,,,,,
as at 15/10/2021,,,,,,,,,,
,,,,,,,,,,
,1Mon,1Tue,1Wed,1Thu,1Fri,2Mon,2Tue,2Wed,2Thu,2Fri
1,12B/Ma1 ,13C/Ma1 ,11s/Ma4 ,11s/Ma4 ,Pastoral P ,7a/Ma2 ,11s/Ma4 ,,,Pastoral P 
,F06 Maths ,F08 Maths ,F06 Maths ,F06 Maths ,G23 Geography ,F06 Maths ,F06 Maths ,,,G23 Geography 
2,7a/Ma2 ,,10s/Ma1 ,13C/Ma1 ,10s/Ma1 ,9a/Ma5 ,13C/Ma1 ,9b/Ma2 ,,11s/Ma4 
,F06 Maths ,,F06 Maths ,F06 Maths ,F06 Maths ,F06 Maths ,F06 Maths ,F06 Maths ,,F06 Maths 
3,,10s/Ma1 ,,10s/Ma1 ,11s/Ma4 ,10s/Ma1 ,10s/Ma1 ,10s/Ma1 ,13C/Ma1 ,12B/Ma1 
,,F06 Maths ,,F06 Maths ,F06 Maths ,F06 Maths ,F06 Maths ,F06 Maths ,G05 English ,F06 Maths 
4,,11s/Ma4 ,9b/Ma2 ,9b/Ma2 ,,,12B/Ma1 ,7a/Ma2 ,,10s/Ma1 
,,F06 Maths ,F06 Maths ,F09 Maths ,,,F05 Maths ,F06 Maths ,,F06 Maths 
5,,P6 ,7a/Ma2 ,7a/Ma2 ,,12B/Ma1 ,7a/Ma2 ,11s/Ma4 ,11s/Ma4 ,13C/Ma1 
,,,F06 Maths ,F09 Maths ,,F20 Computing ,F05 Maths ,F06 Maths ,F06 Maths ,F06 Maths 
6,,12B/Ma1 ,,,,,,,,
,,F06 Maths ,,,,,,,,
,,,,,,,,,,
,,,,,,,,,,
,,,,,,,,,,
,,,,,,,,,,
,,,,,,,,,,
Timetable - Mrs Stephanie Nelson,,,,,,,,,,
as at 15/10/2021,,,,,,,,,,
,,,,,,,,,,
,1Mon,1Tue,1Wed,1Thu,1Fri,2Mon,2Tue,2Wed,2Thu,2Fri
1,9b/En5 ,8a/En5 ,10t/Li2 ,11t/Li2 ,Pastoral P ,,,11s/Li3 ,9a/En1 ,Pastoral P 
,G24 English ,G24 English ,G24 English ,G24 English ,F31 Science ,,,G24 English ,G24 English ,F31 Science 
2,8a/En5 ,13D/Li1 ,P6 ,9b/En5 ,9a/En1 ,11s/Li3 ,10t/Li2 ,10t/Li2 ,13D/Li1 ,9a/En1 
,G24 English ,G24 English ,,G24 English ,G24 English ,G24 English ,G24 English ,G24 English ,G24 English ,G24 English 
3,11t/Li2 ,10t/Li2 ,11s/Li3 ,,8a/En5 ,9b/En5 ,,9b/En2 ,11t/Li2 ,
,G24 English ,G24 English ,G24 English ,,G24 English ,G24 English ,,G24 English ,G24 English ,
4,11s/Li3 ,,11t/Li2 ,,9b/En5 ,10t/Li2 ,9b/En5 ,8a/En5 ,,13D/Li1 
,G24 English ,,G24 English ,,G24 English ,G24 English ,G24 English ,G24 English ,,G24 English 
5,13D/Li1 ,9a/En1 ,8a/En5 ,,,,9a/En1 ,11t/Li2 ,8a/En5 ,11s/Li3 
,G24 English ,G24 English ,G24 English ,,,,G24 English ,G24 English ,G24 English ,G24 English 
6,,,13D/Li1 ,,,,,,,
,,,G24 English ,,,,,,,
,,,,,,,,,,
,,,,,,,,,,
,,,,,,,,,,
,,,,,,,,,,
,,,,,,,,,,
Timetable - Miss Sophie Pearson,,,,,,,,,,
as at 15/10/2021,,,,,,,,,,
,,,,,,,,,,
,1Mon,1Tue,1Wed,1Thu,1Fri,2Mon,2Tue,2Wed,2Thu,2Fri
1,13A/Bi1 ,12D/Bi1 ,9a/Sc2 ,,,,10t/Sc3 ,12A/Bi1 ,12A/Bi1 ,
,F07 Maths ,F27 Science ,F28 Science ,,,,F03 Science ,F27 Science ,F27 Science ,
2,10t/Sc3 ,10s/Sc2 ,13A/Bi1 ,12D/Bi1 ,12A/Bi1 ,9a/Sc2 ,12D/Bi1 ,7b/Sc3 ,9b/Sc3 ,7a/Sc3 
,F26 Science ,F27 Science ,G24 English ,F27 Science ,F27 Science ,F22 Business ,F20 Computing ,F27 Science ,F28 Science ,F02 Art 
3,,9b/Sc2 ,13B/Sc1 ,,13A/Bi1 ,,,,12D/Bi1 ,
,,F28 Science ,F15 History ,,F27 Science ,,,,F27 Science ,
4,13B/Sc1 ,13A/Bi1 ,9b/Sc3 ,12A/Bi1 ,10s/Sc2 ,13B/Sc1 ,13A/Bi1 ,7a/Sc3 ,9b/Sc2 ,10t/Sc3 
,F27 Science ,F20 Computing ,F22 Business ,S04 MFL ,G10 English ,F27 Science ,F27 Science ,F27 Science ,G08 English ,F27 Science 
5,,12A/Bi1 ,,,12D/Bi1 ,7b/Sc3 ,13B/Sc1 ,,,10s/Sc2 
,,F13 Science ,,,G24 English ,F13 Science ,F27 Science ,,,F27 Science 
6,,,,,,,,,,
,,,,,,,,,,
,,,,,,,,,,
,,,,,,,,,,
,,,,,,,,,,
,,,,,,,,,,
,,,,,,,,,,
Timetable - Mrs Sara Rutherford,,,,,,,,,,
as at 15/10/2021,,,,,,,,,,
,,,,,,,,,,
,1Mon,1Tue,1Wed,1Thu,1Fri,2Mon,2Tue,2Wed,2Thu,2Fri
1,9aB/Hs1 ,13C/Hc1 ,,10C/Hs1 ,Pastoral P ,,13D/Cc1 ,12A/Hs1 ,11C/Hs1 ,Pastoral P 
,F23 Health ,F18 Computing ,,F18 Computing ,F25 Science ,,F18 Computing ,F18 Computing ,F18 Computing ,F25 Science 
2,11C/Hs1 ,13D/Cc1 ,,11C/Hs1 ,11C/Hs1 ,13C/Hc1 ,13C/Hc1 ,13A/Hs1 ,,9bC/Hs1 
,F18 Computing ,F18 Computing ,,F23 Health ,F18 Computing ,F23 Health ,F19 Computing ,F18 Computing ,,F22 Business 
3,12D/Hc1 ,,12A/Hs1 ,13A/Hs1 ,,13C/Hc1 ,12D/Hc1 ,,10C/Hs1 ,
,F23 Health ,,F18 Computing ,F18 Computing ,,F18 Computing ,G23 Geography ,,G13 RE ,
4,10C/Hs1 ,13A/Hs1 ,12D/Hc1 ,12A/Hs1 ,13D/Cc1 ,11C/Hs1 ,13A/Hs1 ,9bC/Hs1 ,,13D/Cc1 
,F18 Computing ,F18 Computing ,F18 Computing ,F18 Computing ,F18 Computing ,F18 Computing ,F23 Health ,F22 Business ,,F18 Computing 
5,,10C/Hs1 ,,12A/Hs1 ,13C/Hc1 ,12D/Hc1 ,10C/Hs1 ,,13A/Hs1 ,13C/Hc1 
,,F18 Computing ,,F23 Health ,F02 Art ,F21 Computing ,F18 Computing ,,F18 Computing ,F02 Art 
6,,,,,,,,,,
,,,,,,,,,,
,,,,,,,,,,
,,,,,,,,,,
,,,,,,,,,,
,,,,,,,,,,
,,,,,,,,,,
Timetable - Mr Stephen Tait,,,,,,,,,,
as at 15/10/2021,,,,,,,,,,
,,,,,,,,,,
,1Mon,1Tue,1Wed,1Thu,1Fri,2Mon,2Tue,2Wed,2Thu,2Fri
1,7a/En2 ,10s/En1 ,12C/Fl1 ,,,12C/Fl1 ,,,10m/En1 ,
,G29 Design Technology ,G04 English ,G10 English ,,,G07 English ,,,G09 English ,
2,,,11t/En2 ,7a/En2 ,7a/En2 ,,,,12C/Fl1 ,
,,,G04 English ,G07 English ,G11 English ,,,,G07 English ,
3,13C/Fl1 ,10m/En1 ,,,10m/En1 ,13C/Fl1 ,,11t/En2 ,,10s/En1 
,Lib ,G04 English ,,,G04 English ,G14 RE ,,G10 English ,,G04 English 
4,11t/En2 ,,,,,10m/En1 ,,10s/En1 ,,12C/Fl1 
,F04 Maths ,,,,,G06 English ,,G13 RE ,,G11 English 
5,12C/Fl1 ,,10s/En1 ,13C/Fl1 ,13C/Fl1 ,11t/En2 ,,13C/Fl1 ,,7a/En2 
,G11 English ,,F01 Art ,G04 English ,G06 English ,G08 English ,,F16 History ,,G11 English 
6,,,,,,,,,,
,,,,,,,,,,
,,,,,,,,,,
,,,,,,,,,,
,,,,,,,,,,
,,,,,,,,,,
,,,,,,,,,,
Timetable - Miss Stela Voshtina,,,,,,,,,,
as at 15/10/2021,,,,,,,,,,
,,,,,,,,,,
,1Mon,1Tue,1Wed,1Thu,1Fri,2Mon,2Tue,2Wed,2Thu,2Fri
1,13A/Sp1 ,9aC/Sp1 ,,,Pastoral P ,11A/Sp2 ,9E/Fr3 ,9aC/Sp1 ,12A/Sp1 ,Pastoral P 
,S03 MFL ,S01 MFL ,,,F21 Computing ,S01 MFL ,S01 MFL ,S01 MFL ,S03 MFL ,F21 Computing 
2,9aC/Sp1 ,9E/Fr3 ,9E/Fr3 ,7a/Sp1 ,,10A/Sp1 ,7b/Fr5 ,,,10A/Sp1 
,S06 MFL ,S01 MFL ,S03 MFL ,S01 MFL ,,S01 MFL ,S03 MFL ,,,S01 MFL 
3,10A/Sp1 ,11A/Sp2 ,7a/Sp1 ,13A/Sp1 ,13A/Sp1 ,,,8b/Fr3 ,,11A/Sp2 
,S05 MFL ,S01 MFL ,S01 MFL ,S01 MFL ,S01 MFL ,,,S01 MFL ,,S01 MFL 
4,,13A/Sp1 ,,12A/Sp1 ,8a/Sp3 ,8b/Fr3 ,10A/Sp1 ,11A/Sp2 ,9aC/Sp1 ,8b/Fr3 
,,S01 MFL ,,S01 MFL ,S01 MFL ,S01 MFL ,S01 MFL ,S01 MFL ,S01 MFL ,S01 MFL 
5,,12A/Sp1 ,11A/Sp2 ,10A/Sp1 ,7a/Sp1 ,13A/Sp1 ,12A/Sp1 ,,9E/Fr3 ,
,,G22 Geography ,S01 MFL ,S01 MFL ,S01 MFL ,S01 MFL ,S01 MFL ,,S01 MFL ,
6,,,,,,,,,,
,,,,,,,,,,
,,,,,,,,,,
,,,,,,,,,,
,,,,,,,,,,
,,,,,,,,,,
,,,,,,,,,,
Timetable - Mrs Tia Harper,,,,,,,,,,
as at 15/10/2021,,,,,,,,,,
,,,,,,,,,,
,1Mon,1Tue,1Wed,1Thu,1Fri,2Mon,2Tue,2Wed,2Thu,2Fri
1,Blanking Code ,8b/Dt4 ,7a/Ar2 ,12C/Dt1 ,Blanking Code ,Blanking Code ,12C/Dt1 ,7a/Dt4 ,11C/Dt2 ,Blanking Code 
,,G29 Design Technology ,F01 Art ,G29 Design Technology ,,,G29 Design Technology ,G29 Design Technology ,G29 Design Technology ,
2,Blanking Code ,12C/Dt1 ,7b/Ar2 ,11C/Dt1 ,Blanking Code ,Blanking Code ,9bA/Dt ,9aA/Dt1 ,10B/Dt1 ,Blanking Code 
,,G29 Design Technology ,F01 Art ,G29 Design Technology ,,,G29 Design Technology ,G29 Design Technology ,G29 Design Technology ,
3,Blanking Code ,8a/Dt1 ,9aA/Dt1 ,7b/Dt5 ,Blanking Code ,Blanking Code ,7a/Dt2 ,12C/Dt1 ,,Blanking Code 
,,G29 Design Technology ,G29 Design Technology ,G29 Design Technology ,,,G29 Design Technology ,G29 Design Technology ,,
4,Blanking Code ,8b/Dt3 ,,10B/Dt1 ,Blanking Code ,Blanking Code ,,,7b/Ar2 ,Blanking Code 
,,G29 Design Technology ,,G29 Design Technology ,,,,,F01 Art ,
5,Blanking Code ,7a/Ar2 ,,9bA/Dt ,Blanking Code ,Blanking Code ,,7b/Dt2 ,8a/Dt4 ,Blanking Code 
,,F01 Art ,,G29 Design Technology ,,,,G29 Design Technology ,G29 Design Technology ,
6,Blanking Code ,,,,Blanking Code ,Blanking Code ,,,,Blanking Code 
,,,,,,,,,,
,,,,,,,,,,
,,,,,,,,,,
,,,,,,,,,,
,,,,,,,,,,
,,,,,,,,,,
Timetable - Miss Tracy Rees,,,,,,,,,,
as at 15/10/2021,,,,,,,,,,
,,,,,,,,,,
,1Mon,1Tue,1Wed,1Thu,1Fri,2Mon,2Tue,2Wed,2Thu,2Fri
1,Blanking Code ,10t/Sc3 ,Blanking Code ,Blanking Code ,,Blanking Code ,10m/Sc2 ,Blanking Code ,Blanking Code ,
,,F26 Science ,,,,,F26 Science ,,,
2,Blanking Code ,10m/Sc2 ,Blanking Code ,Blanking Code ,7b/Sc4 ,Blanking Code ,7a/Sc4 ,Blanking Code ,Blanking Code ,7a/Sc4 
,,F26 Science ,,,F26 Science ,,F26 Science ,,,G28 Computing 
3,Blanking Code ,7a/Sc5 ,Blanking Code ,Blanking Code ,11t/Sc1 ,Blanking Code ,7b/Sc5 ,Blanking Code ,Blanking Code ,10t/Sc3 
,,F26 Science ,,,F26 Science ,,F26 Science ,,,F26 Science 
4,Blanking Code ,7b/Sc4 ,Blanking Code ,,Blanking Code ,Blanking Code ,Blanking Code ,7a/Sc5 ,Blanking Code ,10m/Sc2 
,,F26 Science ,,,,,,F26 Science ,,F26 Science 
5,Blanking Code ,11t/Sc1 ,Blanking Code ,7b/Sc5 ,Blanking Code ,Blanking Code ,Blanking Code ,10t/Sc3 ,Blanking Code ,11t/Sc1 
,,F26 Science ,,G08 English ,,,,F26 Science ,,F26 Science 
6,Blanking Code ,,Blanking Code ,,Blanking Code ,Blanking Code ,Blanking Code ,,Blanking Code ,
,,,,,,,,,,
,,,,,,,,,,
,,,,,,,,,,
,,,,,,,,,,
,,,,,,,,,,
,,,,,,,,,,
Timetable - Miss Victoria Brown,,,,,,,,,,
as at 15/10/2021,,,,,,,,,,
,,,,,,,,,,
,1Mon,1Tue,1Wed,1Thu,1Fri,2Mon,2Tue,2Wed,2Thu,2Fri
1,12B/So1 ,13C/So1 ,13D/Py1 ,13D/Py1 ,,13D/Py1 ,13D/Py1 ,13B/So1 ,,
,F09 Maths ,F23 Health ,F22 Business ,F23 Health ,,F23 Health ,F23 Health ,F23 Health ,,
2,13B/So1 ,13D/Py1 ,,13C/So1 ,13B/So1 ,13C/So1 ,13C/So1 ,,13D/Py1 ,13B/So1 
,F23 Health ,F23 Health ,,F10 Maths ,F23 Health ,G05 English ,F23 Health ,,F23 Health ,G29 Design Technology 
3,12D/Py1 ,12D/Py1 ,13B/So1 ,,12B/So1 ,13C/So1 ,,13D/Py1 ,13C/So1 ,12B/So1 
,G14 RE ,F23 Health ,F09 Maths ,,F23 Health ,S01 MFL ,,F23 Health ,S05 MFL ,F23 Health 
4,,,12D/Py1 ,13B/So1 ,13D/Py1 ,13B/So1 ,12B/So1 ,,13B/So1 ,13D/Py1 
,,,F23 Health ,F23 Health ,S07 MFL ,F23 Health ,F17 History ,,F23 Health ,F05 Maths 
5,13D/Py1 ,13B/So1 ,12D/Py1 ,13C/So1 ,13C/So1 ,,13B/So1 ,13C/So1 ,,13C/So1 
,F23 Health ,F11 Maths ,F23 Health ,G07 English ,F23 Health ,,S05 MFL ,F23 Health ,,F23 Health 
6,,,,,,,,,,
,,,,,,,,,,
,,,,,,,,,,
,,,,,,,,,,
,,,,,,,,,,
,,,,,,,,,,
,,,,,,,,,,
Timetable - Miss Vicky Jackson,,,,,,,,,,
as at 15/10/2021,,,,,,,,,,
,,,,,,,,,,
,1Mon,1Tue,1Wed,1Thu,1Fri,2Mon,2Tue,2Wed,2Thu,2Fri
1,13A/Ma1 ,12B/Fm1 ,11s/Ma2 ,11s/Ma2 ,Pastoral P ,10m/Ma2 ,11s/Ma2 ,,13A/Ma1 ,Pastoral P 
,F05 Maths ,F05 Maths ,F05 Maths ,F05 Maths ,F24 Geography ,F05 Maths ,F05 Maths ,,F05 Maths ,F24 Geography 
2,,,7a/Ma4 ,12D/Cs1 ,,9b/Ma1 ,12D/Cs1 ,12B/Fm1 ,9b/Ma1 ,11s/Ma2 
,,,F05 Maths ,F05 Maths ,,F05 Maths ,F05 Maths ,F05 Maths ,F05 Maths ,F05 Maths 
3,9b/Ma1 ,9b/Ma1 ,,10m/Ma2 ,11s/Ma2 ,10m/Ma2 ,10m/Ma2 ,10t/Ma2 ,12D/Cs1 ,13A/Ma1 
,F05 Maths ,F05 Maths ,,F05 Maths ,F05 Maths ,F05 Maths ,F05 Maths ,F05 Maths ,F05 Maths ,F05 Maths 
4,,11s/Ma2 ,10m/Ma2 ,9b/Ma1 ,10m/Ma2 ,,13A/Ma1 ,10m/Ma2 ,10m/Ma2 ,
,,F05 Maths ,F05 Maths ,F05 Maths ,F05 Maths ,,F07 Maths ,F05 Maths ,F05 Maths ,
5,10t/Ma2 ,P6 ,9b/Ma1 ,7a/Ma4 ,9b/Ma1 ,12B/Fm1 ,P6 ,11s/Ma2 ,11s/Ma2 ,12D/Cs1 
,F05 Maths ,,F05 Maths ,F05 Maths ,F05 Maths ,G14 RE ,,F05 Maths ,F05 Maths ,F21 Computing 
6,,13A/Ma1 ,,,,,12B/Fm1 ,,,
,,F05 Maths ,,,,,F05 Maths ,,,
,,,,,,,,,,
,,,,,,,,,,
,,,,,,,,,,
,,,,,,,,,,
,,,,,,,,,,
Timetable - Mrs Vincci Lee,,,,,,,,,,
as at 15/10/2021,,,,,,,,,,
,,,,,,,,,,
,1Mon,1Tue,1Wed,1Thu,1Fri,2Mon,2Tue,2Wed,2Thu,2Fri
1,Blanking Code ,,11s/Ma1 ,11s/Ma1 ,Pastoral P ,Blanking Code ,11s/Ma1 ,,P6 ,Pastoral P 
,,,F11 Maths ,F11 Maths ,F30 Science ,,F11 Maths ,,,F30 Science 
2,Blanking Code ,13D/Ma1 ,8b/Ma5 ,10t/Ma2 ,10t/Ma2 ,Blanking Code ,,8b/Ma5 ,13D/Ma1 ,11s/Ma1 
,,F11 Maths ,F11 Maths ,F11 Maths ,F11 Maths ,,,F11 Maths ,F11 Maths ,F11 Maths 
3,Blanking Code ,9a/Ma5 ,8a/Ma2 ,8b/Ma5 ,11s/Ma1 ,Blanking Code ,10t/Ma2 ,8a/Ma2 ,8b/Ma5 ,9a/Ma5 
,,F11 Maths ,F11 Maths ,F11 Maths ,F11 Maths ,,F11 Maths ,F11 Maths ,F11 Maths ,F11 Maths 
4,Blanking Code ,11s/Ma1 ,10t/Ma2 ,,13D/Ma1 ,Blanking Code ,9a/Ma5 ,9a/Ma5 ,10t/Ma2 ,13D/Ma1 
,,F11 Maths ,F11 Maths ,,G30 Food ,,F11 Maths ,F11 Maths ,F11 Maths ,F11 Maths 
5,Blanking Code ,,9a/Ma5 ,9a/Ma5 ,8a/Ma2 ,Blanking Code ,,11s/Ma1 ,11s/Ma1 ,10t/Ma2 
,,,F11 Maths ,F11 Maths ,F11 Maths ,,,F11 Maths ,F11 Maths ,F11 Maths 
6,Blanking Code ,,,,,Blanking Code ,,,13D/Ma1 ,
,,,,,,,,,F11 Maths ,
,,,,,,,,,,
,,,,,,,,,,
,,,,,,,,,,
